date, pnl, longsize, shortsize, ret, holdpnl, tradepnl, poscov, negcov, pospnl, negpnl, IC, index_ret,rankpnl1, rankpnl2, rankpnl3, rankpnl4, rankpnl5, rankpnl6, rankpnl7, rankpnl8, rankpnl9, rankpnl10
20200203,-4000.0,10000000.0,-10000000.0,-0.0002,0.0,0.0,369,3242,0.0,0.0,0.0,0.0
20200204,-420.51,10000000.0,-10000000.0,-2.1e-05,0.0,21855.717144437476,406,428,-18036.53,15606.72,0.063942,2783.2875
20200205,-146658.41,10000000.0,-10000000.0,-0.007333,-558004.9111825436,434478.6138799704,3403,127,-25819.72,-30610.15,-0.018429,2818.0878
20200206,-131768.42,10000000.0,-10000000.0,-0.006588,-468991.1779158352,356564.7616857247,3202,422,-107942.9,-16809.34,0.046846,2866.5097
20200207,-72472.72,10000000.0,-10000000.0,-0.003624,106171.96967132436,-159155.027296678,3234,378,-48957.32,-19550.76,-2.6e-05,2875.9636
20200210,-88095.55,10000000.0,-10000000.0,-0.004405,176917.9497552411,-246286.82799687033,2437,1146,-64743.16,-19842.09,0.05082,2890.4878
20200211,-1044.62,10000000.0,-10000000.0,-5.2e-05,192342.94410825093,-174056.8055926489,2899,798,8419.78,-5207.02,0.012175,2901.6744
20200212,-97082.76,10000000.0,-10000000.0,-0.004854,-302764.2844056105,226004.11406753777,1369,2253,-63049.23,-26392.48,-0.013073,2926.8991
20200213,14762.25,10000000.0,-10000000.0,0.000738,50157.36737854488,-12456.02061773419,3305,363,2924.33,12750.22,-0.003483,2906.0735
20200214,-29765.13,10000000.0,-10000000.0,-0.001488,72530.79259395233,-79678.97744411336,877,2825,-16389.22,-12544.55,0.006355,2917.0077
20200217,-167509.27,10000000.0,-10000000.0,-0.008375,-481058.1454295851,332000.4829820538,1912,1656,-41413.29,-119767.45,-0.001235,2983.6224
20200218,-98329.06,10000000.0,-10000000.0,-0.004916,-201541.53241398692,124967.46919204343,3536,204,-41715.44,-49468.75,0.011976,2984.9716
20200219,3289.19,10000000.0,-10000000.0,0.000164,285290.9268757529,-261685.7768741261,2723,904,14492.59,-11181.85,0.023622,2975.4019
20200220,-96685.08,10000000.0,-10000000.0,-0.004834,41157.11420746157,-117964.92568047068,1369,2248,-68671.63,-24701.44,0.094535,3030.1542
20200221,-67450.13,10000000.0,-10000000.0,-0.003373,-116369.94920367881,68056.99944283564,3114,593,-23120.49,-38392.93,-0.009157,3039.6692
20200224,-72445.72,10000000.0,-10000000.0,-0.003622,-280628.88717227365,227410.0666861515,2500,1109,-48011.22,-22715.12,-0.014669,3031.2333
20200225,-9018.68,10000000.0,-10000000.0,-0.000451,-149701.79439804197,158645.73901783171,2327,1311,-5471.47,-4155.15,0.001431,3013.0501
20200226,41389.01,10000000.0,-10000000.0,0.002069,377592.64130404766,-317981.3127646928,2594,1021,50847.17,-5455.54,-0.045403,2987.9287
20200227,-37454.94,10000000.0,-10000000.0,-0.001873,-171909.28735798987,158808.0709131261,1946,1769,-14715.63,-19452.18,-0.074171,2991.3288
20200228,209680.44,10000000.0,-10000000.0,0.010484,861301.0145181033,-634079.7822921583,1618,2037,98929.15,106551.29,0.020571,2880.3038
20200302,-196968.29,10000000.0,-10000000.0,-0.009848,-415394.7250478668,237180.799625683,643,3087,-85556.22,-105241.58,0.022656,2970.9312
20200303,-77433.99,10000000.0,-10000000.0,-0.003872,-161372.59929244962,107864.73868658647,3481,284,-18621.08,-57467.7,-0.030087,2992.8968
20200304,-66618.49,10000000.0,-10000000.0,-0.003331,197351.81163637905,-241906.42670812583,1420,2220,-55601.12,-9709.33,0.125946,3011.6657
20200305,-100334.42,10000000.0,-10000000.0,-0.005017,-183398.5497829252,103563.55547713047,2896,808,-35858.11,-59524.56,-0.039313,3071.6771
20200306,-12136.86,10000000.0,-10000000.0,-0.000607,121529.61810754551,-115363.5013926137,2388,1322,646.27,-10916.85,-0.003599,3034.5113
20200309,119474.42,10000000.0,-10000000.0,0.005974,816777.195501518,-676616.5642582297,2323,1330,68110.07,51077.73,0.10402,2943.2907
20200310,-112050.54,10000000.0,-10000000.0,-0.005603,-643276.1620222084,551043.0671404856,762,2961,-60851.05,-47175.28,-0.094029,2996.7618
20200311,11348.49,10000000.0,-10000000.0,0.000567,298960.4025355389,-262203.29502895003,3465,289,-8335.61,19933.12,0.098107,2968.5174
20200312,55129.48,10000000.0,-10000000.0,0.002756,346360.24876719073,-266748.75542127626,982,2719,60055.09,-4954.96,0.009464,2923.4856
20200313,32370.68,10000000.0,-10000000.0,0.001619,296168.74909484945,-245654.47892922966,1174,2526,3531.67,28481.09,-0.044226,2887.4265
20200316,141948.67,10000000.0,-10000000.0,0.007097,711286.845619066,-547557.1963820902,3603,160,53454.33,86130.09,-0.045767,2789.2537
20200317,-15053.7,10000000.0,-10000000.0,-0.000753,396037.59585293557,-384689.0739058429,267,3493,-5966.31,-9131.42,0.100644,2779.6407
20200318,50686.3,10000000.0,-10000000.0,0.002534,7085.956464854258,60885.48644667376,1157,2517,-6914.76,57037.19,-0.00299,2728.7563
20200319,-49531.72,10000000.0,-10000000.0,-0.002477,-103506.3056414716,71380.52618616312,462,3292,-27055.91,-21489.37,0.065709,2702.1296
20200320,-84252.19,10000000.0,-10000000.0,-0.004213,-105861.88660202533,42359.60534084057,2410,1253,-16631.01,-65665.37,0.015905,2745.6182
20200323,142451.79,10000000.0,-10000000.0,0.007123,703370.3082160599,-539048.5060815472,2209,1394,98464.1,38488.91,-0.028944,2660.1674
20200324,-99582.52,10000000.0,-10000000.0,-0.004979,-339794.0520362876,256383.82589500662,876,2834,-58583.67,-36991.9,-0.029368,2722.4381
20200325,-118373.83,10000000.0,-10000000.0,-0.005919,-360206.921694353,259332.6601513866,2098,1520,-26467.07,-90015.96,-0.114831,2781.5913
20200326,21850.96,10000000.0,-10000000.0,0.001093,137833.48817281777,-95754.25331126849,1989,1615,12876.38,8006.41,0.028566,2764.9109
20200327,-1703.44,10000000.0,-10000000.0,-8.5e-05,204514.28640002676,-189323.83314131468,1258,2436,401.39,-1475.07,0.005939,2772.2033
20200330,75563.3,10000000.0,-10000000.0,0.003778,442820.47316121246,-348012.264070008,773,2907,10012.52,62985.16,0.08424,2747.2138
20200331,-16116.18,10000000.0,-10000000.0,-0.000806,47491.17651549108,-47315.576346291855,1084,2641,-10162.47,-6297.99,0.025605,2750.2962
20200401,7766.02,10000000.0,-10000000.0,0.000388,12134.36458786148,12306.675336649521,1028,2709,5393.56,1834.6,-0.058469,2734.5215
20200402,-111659.39,10000000.0,-10000000.0,-0.005583,-499892.8042685479,408215.47289835993,1392,2227,-24838.92,-85752.14,-0.170548,2780.6379
20200403,362.45,10000000.0,-10000000.0,1.8e-05,60177.30741575213,-39581.024267344976,3462,300,4884.59,-5077.97,-0.049792,2763.9874
20200407,-156850.98,10000000.0,-10000000.0,-0.007843,-286147.012563242,152525.1883026758,1302,2387,-128684.73,-25948.3,0.063078,2820.7634
20200408,-41185.02,10000000.0,-10000000.0,-0.002059,320487.85108113976,-341451.28289710294,3101,585,-13925.46,-26362.28,-0.002358,2815.3686
20200409,-59544.26,10000000.0,-10000000.0,-0.002977,13505.616723983856,-52696.56407699185,2602,1051,-40343.05,-15984.39,0.054848,2825.9036
20200410,78591.78,10000000.0,-10000000.0,0.00393,507471.0159518139,-408220.79176283185,1828,1772,60539.63,15826.41,-0.000444,2796.6312
20200413,17129.17,10000000.0,-10000000.0,0.000856,209945.25086588826,-173488.62085905537,545,3217,6272.88,8597.14,0.06703,2783.0476
20200414,-94946.43,10000000.0,-10000000.0,-0.004747,-399651.7024748306,322337.9688660066,1465,2205,-16791.2,-77585.92,-0.096546,2827.283
20200415,2171.31,10000000.0,-10000000.0,0.000109,-10488.143108080098,35769.81053397398,3196,512,-1213.98,2942.5,-0.026317,2811.1741
20200416,-41411.0,10000000.0,-10000000.0,-0.002071,-88474.06408167294,68674.5436964194,1081,2632,-27525.21,-12129.52,0.036288,2819.935
20200417,-20151.62,10000000.0,-10000000.0,-0.001008,-35400.58579035435,35501.14886587578,2515,1115,-5158.04,-14169.79,-0.052104,2838.4945
20200420,-71131.2,10000000.0,-10000000.0,-0.003557,-175930.5426168044,126111.87083077656,1191,2477,-44486.31,-24042.9,0.034182,2852.5528
20200421,-1701.41,10000000.0,-10000000.0,-8.5e-05,60962.792722738945,-41240.64861054692,2503,1135,-1784.51,88.43,-0.034629,2827.0133
20200422,-60347.3,10000000.0,-10000000.0,-0.003017,-173255.09868632257,132298.84189394972,1390,2293,-34634.88,-23059.78,-0.022056,2843.9804
20200423,-7460.14,10000000.0,-10000000.0,-0.000373,43240.967089368176,-27714.370108923773,3183,523,-1181.98,-5524.03,-0.064471,2838.4994
20200424,52905.1,10000000.0,-10000000.0,0.002645,304971.8298090542,-229786.62872227485,1239,2464,52120.56,-608.68,0.037373,2808.5293
20200427,10634.11,10000000.0,-10000000.0,0.000532,97052.44082171432,-69060.05966790584,732,3022,1810.84,8119.19,-0.032158,2815.4947
20200428,72310.69,10000000.0,-10000000.0,0.003616,107936.34076187256,-16890.660711113203,1323,2379,8412.83,62891.94,-0.011659,2810.0243
20200429,-14555.21,10000000.0,-10000000.0,-0.000728,66435.6881975127,-64073.92445820969,803,2955,-5430.53,-4975.86,-0.015876,2822.4424
20200430,-113165.95,10000000.0,-10000000.0,-0.005658,-432088.15721843066,338398.26492024993,2002,1643,-24332.03,-87480.2,-0.020059,2860.0822
20200506,-95973.52,10000000.0,-10000000.0,-0.004799,-464643.93714101554,387450.6063565172,3125,611,-46091.84,-46751.32,-0.04409,2878.1402
20200507,-10230.23,10000000.0,-10000000.0,-0.000512,-132742.46029441076,139966.0683053436,3401,313,5636.09,-15116.43,-0.107302,2871.5232
20200508,-72046.95,10000000.0,-10000000.0,-0.003602,-81470.61208508819,33093.044486741346,1307,2341,-54273.77,-16624.45,0.02113,2895.3444
20200511,-24850.92,10000000.0,-10000000.0,-0.001243,-350.61452817809186,-3379.787808072826,2425,1141,-8753.14,-14137.63,-0.015824,2894.802
20200512,-18584.55,10000000.0,-10000000.0,-0.000929,-46952.840334658154,48994.91546562486,1301,2357,-7264.12,-11829.32,-0.024964,2891.5564
20200513,-44272.08,10000000.0,-10000000.0,-0.002214,-246920.76500367155,222547.17293651256,1434,2255,-15991.96,-27495.5,-0.046128,2898.0495
20200514,13947.51,10000000.0,-10000000.0,0.000697,125110.39903117609,-91771.6810407425,2493,1107,3567.67,9814.51,0.021672,2870.3422
20200515,-31810.85,10000000.0,-10000000.0,-0.001591,-105516.77400609053,94338.13410761012,1203,2489,-16344.41,-13580.57,0.025949,2868.4587
20200518,-2860.61,10000000.0,-10000000.0,-0.000143,158247.96643949678,-142932.22700631426,1383,2236,309.23,-616.81,0.012007,2875.4176
20200519,-70789.46,10000000.0,-10000000.0,-0.003539,-154853.26421794877,105293.23802460634,1353,2336,-33633.49,-35011.11,0.119025,2898.576
20200520,9873.72,10000000.0,-10000000.0,0.000494,215784.17726149078,-183616.1980534735,1896,1715,5945.93,4945.12,-0.033137,2883.7378
20200521,16031.86,10000000.0,-10000000.0,0.000802,261401.8086403295,-224100.61643650965,1098,2605,11926.7,5191.4,-0.061896,2867.9237
20200522,49221.23,10000000.0,-10000000.0,0.002461,309497.4848532014,-241968.44749921735,942,2763,12035.7,35865.23,-0.002494,2813.7654
20200525,-11752.79,10000000.0,-10000000.0,-0.000588,75795.29266742448,-70443.50875436688,765,2965,-8706.62,-2232.54,0.019885,2817.9697
20200526,-110450.98,10000000.0,-10000000.0,-0.005523,-417046.1559932693,325186.59070514294,1794,1892,-26625.34,-81408.47,-0.043854,2846.5473
20200527,-14066.83,10000000.0,-10000000.0,-0.000703,110110.94216387063,-102674.9528364376,3248,478,-4896.59,-8148.9,0.017563,2836.8036
20200528,-9751.34,10000000.0,-10000000.0,-0.000488,131782.11595699255,-119124.55323939264,1416,2265,1761.78,-10171.09,0.013804,2846.2217
20200529,-53282.24,10000000.0,-10000000.0,-0.002664,-195465.08812099736,161541.0263632778,1445,2234,-23979.95,-27961.59,-0.023109,2852.3512
20200601,-142424.08,10000000.0,-10000000.0,-0.007121,-564156.1000131004,442844.0637654193,2500,1137,-52411.48,-84930.46,-0.021688,2915.4311
20200602,-48296.9,10000000.0,-10000000.0,-0.002415,-83190.61257192929,55206.2830238866,3473,289,-21172.65,-21212.65,-0.031766,2921.398
20200603,-25416.12,10000000.0,-10000000.0,-0.001271,4249.421969346768,-9457.050251649154,2201,1464,-11580.2,-12383.41,-0.019506,2923.3711
20200604,-38390.47,10000000.0,-10000000.0,-0.00192,-33245.29040683899,15325.366709185084,1326,2346,-21758.99,-15876.6,-0.021964,2919.2506
20200605,-19684.29,10000000.0,-10000000.0,-0.000984,-56721.83222411977,55879.94288692522,1761,1922,-6660.71,-11354.42,-0.007786,2930.7993
20200608,-17066.48,10000000.0,-10000000.0,-0.000853,37258.05028031792,-34525.60404988159,1598,2067,-1963.74,-11342.54,-0.012201,2937.7712
20200609,-43890.16,10000000.0,-10000000.0,-0.002195,-64156.23425230257,41180.009184785675,1256,2441,-20103.69,-21708.29,0.012468,2956.1116
20200610,-13462.1,10000000.0,-10000000.0,-0.000673,-27178.932305153052,35224.321138003696,2095,1546,-8633.45,-3898.52,0.025197,2943.7525
20200611,-4366.03,10000000.0,-10000000.0,-0.000218,-23570.906611432827,37853.619330659654,1454,2264,424.61,-6197.79,-0.033477,2920.8968
20200612,-27140.2,10000000.0,-10000000.0,-0.001357,6190.261599469613,-13599.943700143123,1267,2440,-17201.88,-6266.97,0.013976,2919.7408
20200615,-15029.71,10000000.0,-10000000.0,-0.000751,57158.576756608316,-49662.33932453208,3427,327,-4231.04,-10765.11,-0.029643,2890.0306
20200616,-96780.66,10000000.0,-10000000.0,-0.004839,-373895.63957546605,299048.25858434936,1562,2117,-74120.26,-19145.86,-0.017432,2931.7493
20200617,-41762.45,10000000.0,-10000000.0,-0.002088,19693.08395186551,-39926.40936754238,2790,868,-24428.42,-17094.84,0.052208,2935.873
20200618,-16564.16,10000000.0,-10000000.0,-0.000828,-167894.89060568213,171602.69492026253,1821,1800,-6639.79,-9133.8,-0.072796,2939.3151
20200619,-45913.53,10000000.0,-10000000.0,-0.002296,-198043.18448379316,174198.0613262753,1842,1808,-15873.67,-25938.07,-0.023596,2967.6341
20200622,-33708.77,10000000.0,-10000000.0,-0.001685,-115176.82041816755,101581.44948138956,2128,1497,-15446.66,-14631.96,0.035481,2965.2717
20200623,-19915.79,10000000.0,-10000000.0,-0.000996,-130468.04783669484,130842.33020418255,1643,2038,-8813.63,-9956.33,0.029397,2970.6203
20200624,-10188.19,10000000.0,-10000000.0,-0.000509,-13325.679297529601,22804.16057172993,1387,2345,-7259.75,-3687.82,0.019297,2979.5505
20200629,3238.24,10000000.0,-10000000.0,0.000162,45578.05970528794,-22393.385739192963,1339,2368,-2381.12,5591.71,0.054605,2961.5164
20200630,-87012.96,10000000.0,-10000000.0,-0.004351,-272713.36301241885,204606.24428011186,1381,2356,-31982.18,-51701.0,-0.001141,2984.6741
20200701,-46170.84,10000000.0,-10000000.0,-0.002309,-12347.848816254671,-12811.500254776358,2743,894,-11407.44,-31860.57,-0.033324,3025.981
20200702,-82280.9,10000000.0,-10000000.0,-0.004114,-185355.70983164897,124224.92598366825,1947,1747,-52892.45,-24569.49,-0.030016,3090.5693
20200703,-71776.43,10000000.0,-10000000.0,-0.003589,-91057.71700634394,37513.84852620882,2997,778,-35600.06,-31648.95,-0.016697,3152.8126
20200706,-189849.72,10000000.0,-10000000.0,-0.009492,-211461.95691528934,40011.72768286895,2736,1010,-154489.67,-32962.54,0.176553,3332.8807
20200707,-70367.8,10000000.0,-10000000.0,-0.003518,-461640.3820108012,411572.2676060898,3572,243,-28986.0,-33440.71,-0.013716,3345.3369
20200708,-121068.43,10000000.0,-10000000.0,-0.006053,-37149.391849735846,-62276.70696912292,1817,1934,-96123.92,-15951.83,0.028191,3403.4401
20200709,-148513.65,10000000.0,-10000000.0,-0.007426,-456909.55221823987,329494.6151798778,3223,570,-68045.39,-64886.78,0.009877,3450.5935
20200710,-786.44,10000000.0,-10000000.0,-3.9e-05,83972.2133541265,-63316.43145844444,3451,338,20046.41,-13052.58,-0.011629,3383.3222
20200713,-166781.53,10000000.0,-10000000.0,-0.008339,-552298.8459744367,407110.763619965,1383,2409,-139533.6,-23842.15,-0.007421,3443.2863
20200714,-5078.16,10000000.0,-10000000.0,-0.000254,63102.181721278364,-45994.237980023114,3495,307,5642.96,-7703.93,-0.039178,3414.6186
20200715,83605.65,10000000.0,-10000000.0,0.00418,406393.4368555973,-300426.4515303773,1300,2465,94808.89,-5031.51,-0.012554,3361.3044
20200716,172023.11,10000000.0,-10000000.0,0.008601,1052479.4180228924,-860822.301568268,643,3183,58098.43,113889.69,-0.004647,3210.0986
20200717,-28278.09,10000000.0,-10000000.0,-0.001414,-29300.410986910625,19367.492300157017,224,3621,-14564.01,-10064.61,0.029599,3214.1287
20200720,-175500.61,10000000.0,-10000000.0,-0.008775,-237885.90185640185,83062.15197842123,1747,2026,-18289.72,-151785.43,-0.049754,3314.149
20200721,-45070.94,10000000.0,-10000000.0,-0.002254,-279162.9922920248,255533.7489705138,3307,537,-15931.08,-26332.48,-0.024296,3320.8947
20200722,-59102.28,10000000.0,-10000000.0,-0.002955,-216453.89377216177,180147.05779780212,1732,2015,-23718.51,-19438.49,-0.015777,3333.1635
20200723,-8738.48,10000000.0,-10000000.0,-0.000437,-83680.02934752087,94525.36123832225,1939,1777,-9098.47,2367.03,0.057519,3325.1102
20200724,160384.83,10000000.0,-10000000.0,0.008019,629527.3569813736,-451080.0363488296,1726,2065,90521.37,65700.2,-0.068432,3196.7684
20200727,-24618.43,10000000.0,-10000000.0,-0.001231,-14145.995998986353,11430.513943866461,339,3523,-14636.73,-9088.23,0.03077,3205.2268
20200728,-72748.63,10000000.0,-10000000.0,-0.003637,-253928.86677273578,201192.1507020628,1520,2260,-13503.96,-58198.09,-0.088139,3227.9604
20200729,-135442.47,10000000.0,-10000000.0,-0.006772,-517228.04180756706,402626.0122302403,2259,1472,-49906.16,-75551.1,-0.008258,3294.5521
20200730,-23326.25,10000000.0,-10000000.0,-0.001166,-54680.673277932925,53403.80248757729,3624,235,-6564.56,-15196.54,-0.036902,3286.822
20200731,-84602.57,10000000.0,-10000000.0,-0.00423,-210011.69758520758,148434.789863866,1424,2359,-59915.26,-15830.02,0.011809,3310.0065
20200803,-153021.06,10000000.0,-10000000.0,-0.007651,-399931.04670670145,267098.93008938513,2898,868,-52613.57,-94159.36,-0.015639,3367.9658
20200804,-1220.37,10000000.0,-10000000.0,-6.1e-05,106630.6951093085,-88265.22720835521,3347,493,9145.76,-8529.32,-0.031096,3371.6875
20200805,-70691.64,10000000.0,-10000000.0,-0.003535,-196708.46218942018,148931.77101055728,1234,2590,-49363.94,-18266.79,0.02022,3377.5648
20200806,-18594.26,10000000.0,-10000000.0,-0.00093,190692.16295108042,-189386.50453829937,2312,1449,-8978.24,-4354.64,-0.000435,3386.4631
20200807,30700.17,10000000.0,-10000000.0,0.001535,371649.64264183555,-320350.52540629095,1449,2331,16726.78,16876.55,0.06515,3354.0352
20200810,-56826.52,10000000.0,-10000000.0,-0.002841,-43475.670836936915,3000.491225444566,986,2865,-15267.73,-34073.27,-0.011399,3379.2524
20200811,58526.39,10000000.0,-10000000.0,0.002926,217613.9981546867,-137477.95465096144,2805,1019,8579.97,51034.09,0.005223,3340.29
20200812,4443.68,10000000.0,-10000000.0,0.000222,404979.8742861543,-379150.5336750849,697,3178,543.84,6862.98,0.055738,3319.2656
20200813,-46334.4,10000000.0,-10000000.0,-0.002317,-27546.09261658419,-737.7133899884248,1573,2223,-15311.02,-29264.67,-0.008119,3320.7261
20200814,-52676.93,10000000.0,-10000000.0,-0.002634,-170828.69868916823,136945.91194527745,2103,1684,-17167.62,-35077.96,-0.065658,3360.0988
20200817,-114573.13,10000000.0,-10000000.0,-0.005729,-290103.1084043006,195193.70190314588,2700,1060,-49593.13,-51420.09,-0.006793,3438.801
20200818,-60801.93,10000000.0,-10000000.0,-0.00304,-159139.466817458,118225.9712263997,3324,524,-27553.38,-25764.5,-0.010926,3451.0894
20200819,42006.57,10000000.0,-10000000.0,0.0021,463068.38215332874,-400246.99911229825,2179,1606,44805.32,-1199.08,0.018037,3408.1288
20200820,26593.26,10000000.0,-10000000.0,0.00133,204844.71693592734,-157877.41143369867,882,2992,19860.64,7900.14,-0.010239,3363.8988
20200821,-51343.17,10000000.0,-10000000.0,-0.002567,-116319.582840636,85109.49986793578,1488,2330,-18701.22,-31023.6,0.009514,3380.6825
20200824,-89874.9,10000000.0,-10000000.0,-0.004494,-68429.07148439929,-2050.3498216883163,1971,1775,-20843.08,-25172.44,0.002839,3385.6383
20200825,-25066.89,10000000.0,-10000000.0,-0.001253,88284.56273008768,-92292.59172172532,2056,1773,-12447.39,-7210.22,0.023297,3373.5781
20200826,71798.29,10000000.0,-10000000.0,0.00359,494515.71612480166,-404139.15753956797,1535,2344,41616.04,31233.19,-0.051905,3329.7388
20200827,-71109.97,10000000.0,-10000000.0,-0.003555,-227588.3643307882,175150.7898993955,696,3210,-37605.89,-33646.29,-0.214026,3350.1128
20200828,-68087.61,10000000.0,-10000000.0,-0.003404,-204733.2294171697,159407.70099495273,2782,1053,-12891.85,-48900.91,-0.065331,3403.8066
20200831,-24951.38,10000000.0,-10000000.0,-0.001248,-56976.287448213436,49854.24469286905,2881,966,-10943.31,-13580.42,-0.014821,3395.6775
20200901,-68086.92,10000000.0,-10000000.0,-0.003404,135242.56615569908,-181059.09789682407,1470,2356,-29684.28,-18037.7,0.00647,3410.6068
20200902,-47394.67,10000000.0,-10000000.0,-0.00237,39590.195546980714,-66857.44020256255,2218,1612,-17393.32,-28610.23,0.017647,3404.8017
20200903,17800.73,10000000.0,-10000000.0,0.00089,75874.88010446921,-39010.94817462198,1803,2059,12703.24,6410.58,-0.037092,3384.9806
20200904,-30967.79,10000000.0,-10000000.0,-0.001548,107985.94542441578,-119109.61005201473,1108,2763,-23851.04,-4210.67,0.017157,3355.3666
20200907,27431.02,10000000.0,-10000000.0,0.001372,404266.8944103172,-355346.19532464404,3141,715,4329.27,23096.25,-0.034719,3292.5907
20200908,-65793.83,10000000.0,-10000000.0,-0.00329,99290.12096882872,-143799.34753310797,1032,2843,-50536.0,-12483.92,0.057909,3316.417
20200909,98111.75,10000000.0,-10000000.0,0.004906,629034.9069502186,-513284.7764715805,2519,1389,24450.84,75124.58,0.018859,3254.6279
20200910,141623.55,10000000.0,-10000000.0,0.007081,53689.03237650114,106280.50785712326,1091,2767,118511.44,30161.48,-0.076778,3234.8234
20200911,-86487.78,10000000.0,-10000000.0,-0.004324,-469750.4154103686,401423.56528184254,342,3621,-18711.29,-66433.22,-0.052137,3260.3461
20200914,-96884.46,10000000.0,-10000000.0,-0.004844,-275022.97233881964,202883.67549178257,3256,626,-16347.09,-80360.73,-0.016385,3278.8138
20200915,-34642.19,10000000.0,-10000000.0,-0.001732,-151532.73742374626,136889.26607373168,2372,1463,-17522.02,-16195.55,0.003282,3295.6795
20200916,-4769.25,10000000.0,-10000000.0,-0.000238,213615.93175537707,-196734.1083082682,1814,2012,6500.32,-2334.77,0.024954,3283.9244
20200917,-48943.48,10000000.0,-10000000.0,-0.002447,-65433.12243843738,36588.643376842476,1217,2617,-18906.77,-18630.05,-0.001915,3270.435
20200918,-78403.39,10000000.0,-10000000.0,-0.00392,-198504.31812057734,140218.46838251103,2129,1666,-22908.32,-51776.32,-0.104391,3338.0897
20200921,-17060.65,10000000.0,-10000000.0,-0.000853,57088.996954458,-53258.938060109926,3158,775,-2826.9,-9960.32,-0.00838,3316.9351
20200922,41427.26,10000000.0,-10000000.0,0.002071,220959.50812290795,-157124.9654489096,1308,2561,40182.92,4605.07,0.051666,3274.3015
20200923,-53379.48,10000000.0,-10000000.0,-0.002669,-333593.4513377822,299529.76425874676,1012,2894,-19334.04,-32086.7,-0.109107,3279.7105
20200924,90369.59,10000000.0,-10000000.0,0.004518,356730.3992174478,-247051.85026355507,1983,1820,20466.33,77923.34,0.000334,3223.1764
20200925,2642.68,10000000.0,-10000000.0,0.000132,108276.45105540531,-84606.82101603405,460,3520,4222.68,-1154.09,-0.016924,3219.4179
20200928,34844.39,10000000.0,-10000000.0,0.001742,156499.34440687037,-103804.00470687385,1012,2876,2098.48,45559.89,-0.028607,3217.5346
20200929,-52219.3,10000000.0,-10000000.0,-0.002611,-193571.27280843235,159125.4089161994,772,3137,-15413.02,-34974.8,-0.05602,3224.3593
20200930,-12546.39,10000000.0,-10000000.0,-0.000627,-8298.041229593291,16525.843917257982,2119,1673,-8223.15,-2829.68,-0.003977,3218.0521
20201009,-156166.74,10000000.0,-10000000.0,-0.007808,-609168.0908098652,471817.0417746268,1271,2610,-78382.59,-69909.04,-0.066776,3272.0762
20201012,-159269.48,10000000.0,-10000000.0,-0.007963,-593511.2367630741,455757.53341488214,3191,729,-50575.65,-103618.58,-0.051345,3358.4652
20201013,-36372.43,10000000.0,-10000000.0,-0.001819,-141855.4620901446,125005.38497434082,3675,320,-18834.21,-16313.04,-0.018659,3359.7499
20201014,3282.22,10000000.0,-10000000.0,0.000164,176790.63373291946,-152052.67518673145,1890,1958,14516.11,-10463.61,0.013571,3340.7782
20201015,13370.04,10000000.0,-10000000.0,0.000669,207007.61244548578,-175694.6124129476,1215,2710,6946.45,7942.83,-0.029694,3332.1832
20201016,-32282.08,10000000.0,-10000000.0,-0.001614,91852.08008030479,-105508.80949168662,1130,2741,-9270.29,-12230.26,0.002085,3336.3582
20201019,3141.99,10000000.0,-10000000.0,0.000157,166362.17498679896,-144716.92362832444,1944,1913,-3153.48,7141.53,0.022328,3312.6671
20201020,-67326.82,10000000.0,-10000000.0,-0.003366,-248044.47701196704,199008.37689157552,968,2943,-29980.55,-34671.88,0.012963,3328.1029
20201021,27497.02,10000000.0,-10000000.0,0.001375,54986.901425182485,-4613.568525693554,3002,860,1018.03,26757.29,-0.080176,3325.0247
20201022,-8340.79,10000000.0,-10000000.0,-0.000417,156109.4818204583,-142329.69494641418,866,3099,-2139.64,-4628.78,0.004975,3312.5005
20201023,38671.97,10000000.0,-10000000.0,0.001934,458686.3172663035,-400068.4168010059,1766,2096,2236.15,37666.28,0.025069,3277.9972
20201026,-30357.32,10000000.0,-10000000.0,-0.001518,-122007.64804653628,110294.05353900371,794,3132,-15366.93,-12840.56,-0.004389,3251.1188
20201027,-25668.79,10000000.0,-10000000.0,-0.001283,-236902.78042359173,233482.20661042674,2047,1846,-7354.2,-17736.04,-0.141276,3254.3157
20201028,-28213.86,10000000.0,-10000000.0,-0.001411,-70624.45081404898,61778.91230495456,2212,1658,-16088.28,-12350.1,0.028409,3269.238
20201029,-19328.83,10000000.0,-10000000.0,-0.000966,84431.1774609612,-82990.31812409205,1911,1975,-3042.91,-5674.69,0.015408,3272.7274
20201030,98830.21,10000000.0,-10000000.0,0.004942,409185.4213454847,-289865.51066315675,2821,1081,45651.15,49459.82,0.029466,3224.5325
20201102,-26115.8,10000000.0,-10000000.0,-0.001306,49500.91948431361,-53735.877347197136,545,3474,-16965.66,-10390.06,0.017887,3225.1196
20201103,-111853.74,10000000.0,-10000000.0,-0.005593,-395437.90050103574,302532.5136204843,1862,2108,-15703.79,-95235.84,-0.073833,3271.0744
20201104,-14027.9,10000000.0,-10000000.0,-0.000701,25190.311613976555,-16362.352254330612,3266,754,-10089.68,-4036.27,0.041081,3277.4402
20201105,-108299.93,10000000.0,-10000000.0,-0.005415,-391724.34073050984,305413.1665854544,1368,2566,-68412.56,-32141.05,-0.035935,3320.1333
20201106,19259.8,10000000.0,-10000000.0,0.000963,187695.43112169745,-147383.6068611308,2850,1062,2150.09,17168.69,0.013726,3312.159
20201109,-124115.59,10000000.0,-10000000.0,-0.006206,-507003.542594824,403586.3163233898,1047,2884,-78268.63,-39322.13,-0.037279,3373.7337
20201110,17738.23,10000000.0,-10000000.0,0.000887,255447.43628511683,-214398.2079312303,3352,629,45.99,17002.04,0.009002,3360.1485
20201111,25590.44,10000000.0,-10000000.0,0.00128,372158.63281081175,-323154.8632471508,925,3076,34379.88,-5056.9,-0.023418,3342.2025
20201112,-26970.71,10000000.0,-10000000.0,-0.001349,-52675.45263623669,42546.88676242031,1245,2706,-12904.91,-9740.09,0.010737,3338.6788
20201113,-19723.24,10000000.0,-10000000.0,-0.000986,-129570.80803017243,128335.9285846253,1735,2188,-4681.62,-15645.68,-0.022497,3310.1046
20201116,-68321.88,10000000.0,-10000000.0,-0.003416,236.33756028233665,-47601.88436664661,2060,1856,-35291.14,-30863.31,0.059722,3346.9692
20201117,8306.81,10000000.0,-10000000.0,0.000415,168731.21473151504,-139746.3689631229,2502,1469,8350.46,-191.08,0.038424,3339.895
20201118,-48555.23,10000000.0,-10000000.0,-0.002428,94103.36260586898,-123445.9912135544,1345,2603,-22860.81,-14535.47,-0.002133,3347.3034
20201119,-33248.18,10000000.0,-10000000.0,-0.001662,-169928.61963693268,155991.49618656994,2535,1384,-10019.7,-23522.88,-0.086536,3363.0876
20201120,-46374.38,10000000.0,-10000000.0,-0.002319,-158817.7084833749,133689.12292387872,2328,1579,-21593.57,-23802.54,-0.052097,3377.7267
20201123,-40081.04,10000000.0,-10000000.0,-0.002004,-31.016977517781925,-18641.517757132184,2375,1524,-12162.56,-23534.66,-0.013396,3414.4899
20201124,-19978.15,10000000.0,-10000000.0,-0.000999,14353.969348749131,-15100.087853288222,2094,1843,-9643.03,-8262.95,0.005,3402.8225
20201125,40142.15,10000000.0,-10000000.0,0.002007,284983.18509093265,-225358.76443561126,1719,2192,21848.17,17543.0,0.059925,3362.3274
20201126,-714.67,10000000.0,-10000000.0,-3.6e-05,83983.12289124007,-64796.25681894002,712,3282,-2978.7,2737.36,-0.010563,3369.7334
20201127,-19736.37,10000000.0,-10000000.0,-0.000987,57567.37066628112,-57860.40697903939,1576,2357,-7471.36,-9606.31,0.010224,3408.3071
20201130,-7778.15,10000000.0,-10000000.0,-0.000389,44182.44532479337,-32948.79371251997,1894,2040,-3127.29,-5279.04,-0.018997,3391.7551
20201201,-80015.98,10000000.0,-10000000.0,-0.004001,-258126.9390655693,197796.29122774053,1533,2346,-37957.62,-39963.24,-0.005407,3451.9384
20201202,-38180.13,10000000.0,-10000000.0,-0.001909,-5371.965095818039,-10791.269049888457,3441,539,-14257.2,-17060.19,0.000468,3449.3805
20201203,-14327.22,10000000.0,-10000000.0,-0.000716,58632.218682827115,-51751.5544131496,1971,1944,-4472.87,-8129.07,0.019444,3442.1359
20201204,-31067.52,10000000.0,-10000000.0,-0.001553,-131420.4649294935,120439.61893333305,1748,2191,-15711.16,-14575.58,-0.007329,3444.5814
20201207,-5032.05,10000000.0,-10000000.0,-0.000252,-33072.711988170115,47837.828638025254,2046,1877,-497.88,1829.52,-0.005671,3416.6037
20201208,-10015.6,10000000.0,-10000000.0,-0.000501,-2583.1152949000316,10644.498010547672,1211,2778,-5445.68,-4269.73,0.016695,3410.1771
20201209,67127.66,10000000.0,-10000000.0,0.003356,315549.8354844566,-229993.42820238235,1489,2433,14978.17,50493.07,0.057682,3371.964
20201210,-17739.81,10000000.0,-10000000.0,-0.000887,46029.51991458713,-44491.269174340494,605,3427,-8535.88,-8831.63,0.028981,3373.2758
20201211,53641.94,10000000.0,-10000000.0,0.002682,238642.65592946042,-165651.89664790672,2104,1809,163.87,55240.98,0.003582,3347.191
20201214,-50371.85,10000000.0,-10000000.0,-0.002519,-127588.09115505994,94971.95752020505,764,3275,-27080.96,-21989.85,0.050302,3369.1201
20201215,-17421.92,10000000.0,-10000000.0,-0.000871,-134060.83998221206,137724.37299233145,2617,1313,-3740.27,-12015.65,-0.083181,3367.2326
20201216,26547.97,10000000.0,-10000000.0,0.001327,382639.52593640675,-335549.07186423696,1886,2036,20659.57,9836.38,0.064317,3366.9832
20201217,-61514.89,10000000.0,-10000000.0,-0.003076,-158915.44293228618,117630.55762984275,1018,2968,-29708.85,-30076.04,0.013199,3404.8732
20201218,-5270.25,10000000.0,-10000000.0,-0.000264,132701.796513535,-116143.12033483465,2992,1013,-6418.69,4300.72,0.013737,3394.896
20201221,-70748.16,10000000.0,-10000000.0,-0.003537,-277971.2068928767,228151.4589021178,1443,2515,-42369.39,-25208.55,-0.026217,3420.5693
20201222,69586.53,10000000.0,-10000000.0,0.003479,318863.1716343013,-227907.37346946262,2762,1186,22556.9,47957.87,0.01781,3356.7822
20201223,-42562.52,10000000.0,-10000000.0,-0.002128,79359.44591828482,-100253.13169578774,724,3315,-30177.1,-8927.79,0.045518,3382.3195
20201224,64206.86,10000000.0,-10000000.0,0.00321,292689.84444123635,-207788.2843917785,2125,1812,6581.83,59218.66,-0.016372,3363.1133
20201225,-65955.49,10000000.0,-10000000.0,-0.003298,-92335.58623082227,44860.110520673785,821,3227,-32910.92,-27201.32,0.020228,3396.5626
20201228,29221.49,10000000.0,-10000000.0,0.001461,183613.0671856523,-133031.4846847577,2894,1079,-5426.99,35648.55,0.056387,3397.2854
20201229,-9491.86,10000000.0,-10000000.0,-0.000475,-52416.34704088596,63454.55417979197,1138,2902,6162.48,-14045.03,-0.110083,3379.0362
20201230,-47783.51,10000000.0,-10000000.0,-0.002389,-57060.83135984899,30529.496638214387,2083,1897,-20558.03,-20558.67,0.016082,3414.4527
20201231,-92319.1,10000000.0,-10000000.0,-0.004616,-322570.23882724845,252552.90452861213,2295,1634,-44417.66,-41133.0,-0.015847,3473.0693
20210104,-89898.51,10000000.0,-10000000.0,-0.004495,-222092.80474229783,152559.73524045973,3085,880,-42253.34,-38002.0,0.004906,3502.9584
20210105,-21906.73,10000000.0,-10000000.0,-0.001095,-30923.851544974477,33602.83146883481,2787,1203,-10608.69,-10427.71,-0.008251,3528.6767
20210106,37309.71,10000000.0,-10000000.0,0.001865,81307.29346873096,-24492.449327254624,1863,2155,35850.97,1965.13,-0.024994,3550.8767
20210107,92689.64,10000000.0,-10000000.0,0.004634,220419.55096403646,-107322.18201209605,1118,2948,33715.81,63206.19,0.022584,3576.2046
20210108,-11228.15,10000000.0,-10000000.0,-0.000561,145386.59329021026,-140989.7184325654,838,3259,-1946.39,-9220.66,-0.014823,3570.1082
20210111,83631.48,10000000.0,-10000000.0,0.004182,187973.42503984398,-81696.91298439917,2210,1808,7558.39,75605.89,0.02686,3531.4978
20210112,-56517.67,10000000.0,-10000000.0,-0.002826,-210642.40096311134,173396.00750982025,796,3295,-24754.09,-31172.95,-0.060561,3608.3389
20210113,48287.59,10000000.0,-10000000.0,0.002414,293434.02937536367,-223421.43265522603,2745,1238,-5333.36,54375.49,0.069723,3598.6518
20210114,-41525.07,10000000.0,-10000000.0,-0.002076,-54767.73826789168,34359.24202606702,1083,2991,-14625.34,-25078.8,-0.091361,3565.9046
20210115,-84977.13,10000000.0,-10000000.0,-0.004249,-260012.9575825324,195793.1495585845,2617,1427,-11478.52,-72648.25,-0.119889,3566.3778
20210118,-92862.71,10000000.0,-10000000.0,-0.004643,-272864.62922008196,199857.89883255097,2997,1043,-46802.86,-43459.85,0.019635,3596.2237
20210119,-41921.81,10000000.0,-10000000.0,-0.002096,208164.52692967234,-228730.9553616509,3089,880,-32278.34,-7877.62,0.035052,3566.3814
20210120,-43705.63,10000000.0,-10000000.0,-0.002185,-153473.71528818825,131662.52796511544,2407,1612,-23965.44,-13961.15,0.016414,3583.092
20210121,-59171.37,10000000.0,-10000000.0,-0.002959,-258101.62511744502,221536.65716768435,1923,2081,-19313.68,-33137.91,-0.051274,3621.2641
20210122,18734.76,10000000.0,-10000000.0,0.000937,-24367.80964656308,63045.669276276894,2367,1590,1565.44,22581.32,0.064436,3606.7496
20210125,46917.71,10000000.0,-10000000.0,0.002346,207699.76265528117,-142129.57507190204,1214,2865,27034.79,16599.76,0.060806,3624.2381
20210126,18715.35,10000000.0,-10000000.0,0.000936,123918.31385309462,-86471.2941999532,1057,3025,11501.06,8303.14,-0.069725,3569.429
20210127,-33103.12,10000000.0,-10000000.0,-0.001655,6729.54275227264,-18556.737786925893,1652,2338,-11791.36,-17000.04,-0.016463,3573.3412
20210128,37879.29,10000000.0,-10000000.0,0.001894,355557.93172025785,-297487.1236312333,2076,1918,11717.9,28152.22,-0.003487,3505.1759
20210129,45881.71,10000000.0,-10000000.0,0.002294,129798.32379553723,-63345.90229421973,1593,2410,19010.18,24947.33,-0.001512,3483.0692
20210201,-50874.31,10000000.0,-10000000.0,-0.002544,-307830.632110926,275733.21662919637,935,3146,-12164.32,-33628.61,0.004574,3505.2836
20210202,-30416.54,10000000.0,-10000000.0,-0.001521,-312447.9740042128,301852.8067572796,2516,1475,-5718.45,-25705.41,-0.159144,3533.6849
20210203,40836.95,10000000.0,-10000000.0,0.002042,352712.82063762087,-289635.3828671464,2068,1936,32001.29,13882.12,0.013828,3517.308
20210204,65398.47,10000000.0,-10000000.0,0.00327,382524.9867938648,-296873.08997285843,1036,3044,28759.89,33042.36,0.065759,3501.8592
20210205,41029.04,10000000.0,-10000000.0,0.002051,475870.06090097956,-416737.02052093233,997,3098,7952.18,33305.66,-0.024227,3496.3329
20210208,-31248.43,10000000.0,-10000000.0,-0.001562,-64687.52934472372,52594.25550227429,1210,2815,-11032.63,-13417.44,0.005489,3532.4467
20210209,-113816.52,10000000.0,-10000000.0,-0.005691,-345794.5464153674,251903.46646873065,1921,2070,-24813.31,-76573.51,-0.013351,3603.489
20210210,-65207.25,10000000.0,-10000000.0,-0.00326,-55357.649447860356,11399.585477535496,3325,732,-25814.88,-28670.67,0.013637,3655.088
20210218,-143336.05,10000000.0,-10000000.0,-0.007167,-540792.2249737444,417291.6905319397,2452,1550,-106542.37,-31490.49,-0.113242,3675.3571
20210219,-149603.13,10000000.0,-10000000.0,-0.00748,-52573.27172016779,-74377.91104754062,2987,1087,-81692.73,-60759.36,-0.045834,3696.168
20210222,-57983.39,10000000.0,-10000000.0,-0.002899,402957.0085555578,-443949.10695141874,3658,480,-48613.0,-6191.47,0.168144,3642.4449
20210223,8520.43,10000000.0,-10000000.0,0.000426,7933.88866481695,18259.800203825762,2431,1624,16521.07,-6802.05,-0.017325,3636.3573
20210224,-19655.02,10000000.0,-10000000.0,-0.000983,631753.8229213245,-629402.6401536155,1535,2519,-16607.43,-1534.66,0.106185,3564.0799
20210225,237.2,10000000.0,-10000000.0,1.2e-05,80140.82363559214,-57456.76366747979,2060,1953,-1400.46,6918.56,0.010945,3585.0458
20210226,-2850.27,10000000.0,-10000000.0,-0.000143,258622.58333522687,-242880.26481767252,1005,3086,-10869.32,10867.17,0.040083,3509.0804
20210301,-126552.69,10000000.0,-10000000.0,-0.006328,-365276.60922259773,259490.3841550812,2741,1325,-27588.2,-95700.91,-0.065762,3551.3998
20210302,5296.39,10000000.0,-10000000.0,0.000265,95071.74301347649,-70038.48299981051,3382,700,9583.84,-3791.43,-0.010762,3508.5912
20210303,-92454.09,10000000.0,-10000000.0,-0.004623,-124089.17904114927,51946.21740382165,1157,2952,-60564.32,-20450.62,-0.001116,3576.9045
20210304,18643.28,10000000.0,-10000000.0,0.000932,518903.636479726,-477312.2070715981,3383,704,1389.06,17259.11,0.018897,3503.4916
20210305,-61265.87,10000000.0,-10000000.0,-0.003063,-8582.312201762845,-30588.11095900879,1640,2423,-40232.27,-19405.97,0.031549,3501.9867
20210308,33351.46,10000000.0,-10000000.0,0.001668,652442.5139974928,-596410.3941263448,3281,822,3966.74,29518.5,0.102374,3421.4141
20210309,93578.14,10000000.0,-10000000.0,0.004679,658701.7111895906,-541404.132690909,799,3317,82126.26,13986.55,0.025452,3359.292
20210310,36599.76,10000000.0,-10000000.0,0.00183,-193909.64467545843,247505.90553512043,661,3488,2917.54,31894.98,-0.103848,3357.7372
20210311,-118697.04,10000000.0,-10000000.0,-0.005935,-333096.3835342488,231592.80187935062,713,3414,-21871.78,-88796.2,-0.016523,3436.8313
20210312,-28650.46,10000000.0,-10000000.0,-0.001433,35659.696887494254,-41211.132152518796,3640,505,-11829.11,-15525.91,0.010454,3453.0777
20210315,-8276.52,10000000.0,-10000000.0,-0.000414,327164.71001933824,-313709.4814376834,1933,2148,-114.76,-7801.59,0.014488,3419.9456
20210316,-81708.39,10000000.0,-10000000.0,-0.004085,-160769.69364594834,97905.69061988544,2041,2037,-39271.59,-39409.8,0.033439,3446.7334
20210317,-52544.77,10000000.0,-10000000.0,-0.002627,-292155.3142691413,260609.17071010068,3065,1039,-15990.68,-33343.81,-0.046877,3445.5509
20210318,-31658.9,10000000.0,-10000000.0,-0.001583,-141296.83013132744,130270.18222842182,2490,1592,-10933.93,-16577.31,0.0007,3463.0681
20210319,-10357.39,10000000.0,-10000000.0,-0.000518,108436.02573977801,-98782.68795954183,1863,2206,-2211.13,-7370.35,-0.009735,3404.6634
20210322,-104492.28,10000000.0,-10000000.0,-0.005225,-307365.3689577442,223553.87219530682,2510,1557,-46320.42,-51888.62,-0.005305,3443.4392
20210323,29819.68,10000000.0,-10000000.0,0.001491,191191.89754060286,-140969.46790470683,3442,691,22626.77,8464.98,0.003655,3411.5088
20210324,13622.64,10000000.0,-10000000.0,0.000681,334905.6814651113,-299837.6288831963,1163,2949,18081.21,-715.8,0.020689,3367.0606
20210325,-5672.85,10000000.0,-10000000.0,-0.000284,-37080.27164810388,50240.721490293,1730,2345,-6656.13,3413.26,-0.003347,3363.5915
20210326,-87025.15,10000000.0,-10000000.0,-0.004351,-359012.92564283614,293022.5364846026,1878,2192,-33366.92,-48160.38,-0.042883,3418.3267
20210329,-37619.53,10000000.0,-10000000.0,-0.001881,7934.735001812383,-24955.13375884872,3200,852,-9526.49,-16822.49,0.002335,3435.2958
20210330,8914.87,10000000.0,-10000000.0,0.000446,168018.09545486688,-138534.30864589947,1759,2315,14952.55,-1589.85,0.019751,3456.6766
20210331,-33025.88,10000000.0,-10000000.0,-0.001651,39405.45367304466,-53343.74329657631,1403,2728,-9875.26,-20012.93,-0.020849,3441.9115
20210401,-38821.39,10000000.0,-10000000.0,-0.001941,-77542.15534189246,60801.96840927938,2420,1663,-19397.98,-15870.23,0.049216,3466.3315
20210402,-46201.03,10000000.0,-10000000.0,-0.00231,-204828.75588983885,180340.56794853808,2076,1996,-20360.39,-23561.13,-0.02661,3484.3924
20210406,-72313.26,10000000.0,-10000000.0,-0.003616,-150366.25258862163,96750.62687684626,2188,1887,-27420.02,-38856.65,-0.038145,3482.9674
20210407,-57439.76,10000000.0,-10000000.0,-0.002872,-99598.49669858105,63884.238409445745,2754,1301,-28298.37,-26766.05,0.009741,3479.6256
20210408,9660.82,10000000.0,-10000000.0,0.000483,3761.2988665903467,24568.378516027555,2616,1448,15885.51,-2833.3,-0.007947,3482.5548
20210409,-47592.55,10000000.0,-10000000.0,-0.00238,160997.62378712298,-187443.2049214085,1402,2723,-13054.35,-10045.74,0.005696,3450.6772
20210412,35675.53,10000000.0,-10000000.0,0.001784,294233.676733257,-237962.59271933086,2132,1922,16766.02,23045.53,-0.015126,3412.9477
20210413,8870.79,10000000.0,-10000000.0,0.000444,84150.9349829325,-56627.35885954733,1071,3066,12553.84,2889.29,-0.004376,3396.47
20210414,-75309.86,10000000.0,-10000000.0,-0.003765,-246496.89602614177,191092.51327795602,1446,2699,-19827.32,-54792.98,-0.048602,3416.7212
20210415,-12628.06,10000000.0,-10000000.0,-0.000631,122994.11038001048,-114515.43013402086,3221,900,-584.94,-4149.96,0.009139,3398.9875
20210416,-98694.27,10000000.0,-10000000.0,-0.004935,-165180.67900650023,87078.70002625133,1942,2153,-67941.19,-27185.54,-0.006806,3426.6178
20210419,-93501.77,10000000.0,-10000000.0,-0.004675,-267137.0256104522,195088.03885354628,3401,784,-37946.62,-46927.8,-0.003612,3477.5485
20210420,-3936.09,10000000.0,-10000000.0,-0.000197,-33788.71997861918,51085.36739345007,3166,929,9585.25,-12010.22,-0.054958,3472.9427
20210421,-13605.74,10000000.0,-10000000.0,-0.00068,-10933.093304837337,18132.57383065646,1543,2577,2243.31,-9411.77,0.011346,3472.9298
20210422,-39255.24,10000000.0,-10000000.0,-0.001963,-126085.81816095114,105646.41035826356,1936,2169,-18443.63,-20082.79,0.033485,3465.1138
20210423,18525.43,10000000.0,-10000000.0,0.000926,15416.560218821847,23591.194312138185,1958,2102,3854.45,12796.76,0.058745,3474.166
20210426,-7687.99,10000000.0,-10000000.0,-0.000384,86913.21747482293,-73355.8006915607,1289,2884,-1428.23,-1844.74,0.021566,3441.1658
20210427,11694.35,10000000.0,-10000000.0,0.000585,98632.33560936991,-66314.97121279308,1519,2591,-931.3,14854.69,0.041233,3442.6111
20210428,-39283.27,10000000.0,-10000000.0,-0.001964,-99921.06646932085,81974.48364304299,1532,2607,-14752.0,-16842.88,0.00027,3457.0683
20210429,-7450.61,10000000.0,-10000000.0,-0.000373,66985.21005922067,-54169.39627599098,2384,1732,853.45,-5210.08,-0.04551,3474.9011
20210430,13103.68,10000000.0,-10000000.0,0.000655,117543.56785601765,-83257.6530413235,2009,2104,6147.7,8647.16,0.035256,3446.8564
20210506,-44416.33,10000000.0,-10000000.0,-0.002221,64485.79673582943,-88980.27221820982,1532,2627,-22203.57,-17390.35,-0.016361,3441.2826
20210507,-1252.79,10000000.0,-10000000.0,-6.3e-05,232060.26966696244,-212378.1728980171,2444,1661,7783.57,-7624.7,-0.125557,3418.8741
20210510,-43825.49,10000000.0,-10000000.0,-0.002191,99766.54162366514,-125689.97555461872,1739,2388,-33468.63,-9790.32,0.057985,3427.9909
20210511,-51529.77,10000000.0,-10000000.0,-0.002576,-60957.30227285506,28587.39858626424,2193,1930,-13522.51,-27152.88,-0.00437,3441.8454
20210512,-74117.9,10000000.0,-10000000.0,-0.003706,-240526.7990828896,186372.15765510863,2814,1331,-37299.95,-31089.11,-0.001787,3462.7513
20210513,-5981.97,10000000.0,-10000000.0,-0.000299,167771.0961956445,-153181.78128984297,3210,926,-453.26,-157.16,0.019267,3429.5361
20210514,-84520.29,10000000.0,-10000000.0,-0.004226,-341231.8051385719,277339.26129319426,2072,2042,-53824.65,-28811.79,-0.051854,3490.3762
20210517,10774.47,10000000.0,-10000000.0,0.000539,-133265.76594051693,164754.081432008,2988,1171,17018.09,153.72,-0.013067,3517.6158
20210518,-53970.55,10000000.0,-10000000.0,-0.002699,-92860.11410384237,58704.335787374876,1401,2777,-25592.62,-21185.88,-0.010941,3529.0144
20210519,-19556.82,10000000.0,-10000000.0,-0.000978,26790.666680695456,-24955.071392243313,2548,1556,-10742.96,-7102.34,0.018234,3510.9647
20210520,-12749.9,10000000.0,-10000000.0,-0.000637,-4975.349081539678,13440.524951126079,1761,2366,-240.42,-6842.67,0.00965,3506.9444
20210521,-35809.98,10000000.0,-10000000.0,-0.00179,125421.74955013006,-141013.8560805696,1809,2355,-12092.98,-14567.69,0.007274,3486.5569
20210524,-54322.7,10000000.0,-10000000.0,-0.002716,-62561.68729420333,29464.684886368246,1987,2154,-22999.0,-28888.36,0.012875,3497.2821
20210525,-71533.21,10000000.0,-10000000.0,-0.003577,-305879.36890024715,255214.70908831884,2659,1489,-20504.89,-41356.09,-0.024285,3581.3418
20210526,-58435.96,10000000.0,-10000000.0,-0.002922,-40495.48637415344,2495.936379034356,2842,1252,-26195.51,-27282.01,-0.017428,3593.357
20210527,-65708.38,10000000.0,-10000000.0,-0.003285,-164026.3686452387,121468.14295949391,2632,1494,-41562.59,-22223.69,0.040277,3608.8507
20210528,-9074.93,10000000.0,-10000000.0,-0.000454,118614.32469770481,-105768.9352140879,2747,1350,2353.66,-7502.79,0.015081,3600.7844
20210531,-85249.99,10000000.0,-10000000.0,-0.004262,-363859.7616910399,301081.40406243247,1366,2833,-54009.75,-29499.34,0.072478,3615.4773
20210601,-65295.21,10000000.0,-10000000.0,-0.003265,-207473.7955845324,163917.41677348258,2760,1409,-18443.81,-43859.8,-0.068144,3624.7138
20210602,-3335.64,10000000.0,-10000000.0,-0.000167,253570.56860878202,-235859.10178159308,2714,1422,13348.07,-3185.89,-0.01054,3597.1379
20210603,-24258.64,10000000.0,-10000000.0,-0.001213,115636.09276895579,-119797.10568666637,1459,2725,-11892.83,-5738.55,0.008595,3584.2121
20210604,-18007.02,10000000.0,-10000000.0,-0.0009,-106714.21845043909,108236.13707211611,1877,2272,-7283.05,-11631.18,-0.099236,3591.8447
20210607,-68062.54,10000000.0,-10000000.0,-0.003403,-98366.4313107098,49205.738570007845,2007,2153,-25970.04,-32668.33,0.012167,3599.541
20210608,-24623.33,10000000.0,-10000000.0,-0.001231,63705.45670620233,-67879.98197220302,2435,1729,-2918.11,-13794.48,-0.021746,3580.1063
20210609,-39247.47,10000000.0,-10000000.0,-0.001962,-22560.65153775893,4269.120610091686,1917,2254,-21102.07,-12783.05,-0.006377,3591.3965
20210610,-48098.49,10000000.0,-10000000.0,-0.002405,-236453.18294030416,209521.7016335656,2219,1936,-23871.3,-22609.77,0.011266,3610.859
20210611,6392.97,10000000.0,-10000000.0,0.00032,234300.3053728133,-207777.50170899928,2235,1928,2603.15,7395.97,0.006841,3589.7481
20210615,15582.49,10000000.0,-10000000.0,0.000779,91450.81149981738,-55158.49233149685,1401,2793,1618.22,15816.39,0.018776,3556.559
20210616,24490.74,10000000.0,-10000000.0,0.001225,184404.79239894284,-139398.19981117093,1324,2924,8758.55,22779.46,-0.009567,3518.3292
20210617,-63198.99,10000000.0,-10000000.0,-0.00316,-251951.79496721586,209768.9620189194,1334,2864,-30411.92,-26665.59,0.053636,3525.6042
20210618,-71362.69,10000000.0,-10000000.0,-0.003568,-204304.48040620924,156259.83474844744,2446,1717,-18978.99,-46109.92,-0.000788,3525.0968
20210621,-83277.96,10000000.0,-10000000.0,-0.004164,-340754.0041272178,277836.73864711524,2737,1466,-46585.52,-32299.71,-0.005352,3529.1826
20210622,-57443.08,10000000.0,-10000000.0,-0.002872,-82725.39919659453,44074.656509580745,3045,1147,-26146.84,-21633.99,0.000751,3557.412
20210623,-60555.7,10000000.0,-10000000.0,-0.003028,-52146.77348263061,13483.350940086937,2364,1822,-22567.09,-18168.53,0.001229,3566.2199
20210624,5545.31,10000000.0,-10000000.0,0.000277,262774.2149409903,-235611.78351548692,2109,2073,-2592.4,8586.71,0.012486,3566.6539
20210625,-40704.91,10000000.0,-10000000.0,-0.002035,-199469.19636646073,179483.52331143853,1533,2655,-16270.46,-17403.89,-0.016366,3607.5618
20210628,-56113.21,10000000.0,-10000000.0,-0.002806,-115356.63456905035,81107.03056033024,2181,1977,-12108.36,-38236.01,-0.03305,3606.3722
20210629,16470.32,10000000.0,-10000000.0,0.000824,90348.21625261227,-53356.827517376696,2224,1984,10043.65,8725.58,0.03027,3573.1779
20210630,-68166.43,10000000.0,-10000000.0,-0.003408,-153005.94818223442,105519.64778852105,1161,3108,-33400.43,-21227.73,0.000259,3591.197
20210701,41449.3,10000000.0,-10000000.0,0.002072,204611.24876432732,-141646.60066619204,2488,1690,8986.54,36007.53,0.0003,3588.7816
20210702,316.26,10000000.0,-10000000.0,1.6e-05,360158.30800096586,-337155.05140382284,1067,3198,-375.66,353.67,0.056049,3518.7595
20210705,-93398.11,10000000.0,-10000000.0,-0.00467,-261925.3680103631,189877.68864290824,1662,2556,-18570.68,-68711.01,-0.016836,3534.3222
20210706,-30238.64,10000000.0,-10000000.0,-0.001512,241803.4739950645,-251700.14565093926,2963,1264,-11586.68,-9762.49,0.034476,3530.2589
20210707,-68447.01,10000000.0,-10000000.0,-0.003422,-240347.47404253925,193341.05163014887,2194,1998,-40478.27,-20873.73,0.02671,3553.7155
20210708,-9060.6,10000000.0,-10000000.0,-0.000453,187357.67385507663,-173107.72445215477,2916,1245,-1039.26,-1907.34,0.022766,3525.5039
20210709,-65352.97,10000000.0,-10000000.0,-0.003268,213620.89298100997,-257967.84950982244,1363,2921,-33227.09,-17253.25,0.004674,3524.0881
20210712,-82829.65,10000000.0,-10000000.0,-0.004141,-206119.63960704958,143259.27517793459,2898,1370,-33758.75,-47108.65,0.001803,3547.8362
20210713,-52117.34,10000000.0,-10000000.0,-0.002606,49110.3658559928,-81251.49233241865,2443,1751,-29306.43,-17776.44,0.027858,3566.5225
20210714,17536.66,10000000.0,-10000000.0,0.000877,70273.9113109652,-32709.166248654496,2423,1760,12863.45,4774.91,-0.005514,3528.5011
20210715,-807.81,10000000.0,-10000000.0,-4e-05,48952.900733705974,-29807.231095206727,1315,2968,6505.93,4413.89,0.009996,3564.5902
20210716,-19876.81,10000000.0,-10000000.0,-0.000994,106396.46779275707,-106903.81234096258,1630,2638,-2880.99,-9538.32,-0.023517,3539.3038
20210719,-35274.54,10000000.0,-10000000.0,-0.001764,-68720.73523571865,54770.8328506603,1769,2397,-4146.38,-9869.22,-0.006124,3539.1225
20210720,-39525.69,10000000.0,-10000000.0,-0.001976,-31057.410789845217,13035.50274312028,1907,2383,-20335.51,-16391.63,0.02174,3536.7905
20210721,-82226.24,10000000.0,-10000000.0,-0.004111,-392559.64799466403,331233.92076334945,2849,1392,-34860.2,-46620.21,0.010449,3562.6611
20210722,-58847.15,10000000.0,-10000000.0,-0.002942,7441.102989714891,-46386.24062678236,2680,1540,-27326.63,-17092.83,0.015789,3574.7344
20210723,25696.44,10000000.0,-10000000.0,0.001285,255150.79989067698,-209616.9501200723,2290,1954,22376.6,11079.6,0.005484,3550.3964
20210726,46479.82,10000000.0,-10000000.0,0.002324,531358.7416433169,-466920.66905033897,1250,3056,21138.15,31547.95,0.062144,3467.4409
20210727,75784.4,10000000.0,-10000000.0,0.003789,275933.10112625087,-182600.34708336578,1124,3200,23649.7,53076.79,-0.010808,3381.1833
20210728,90309.39,10000000.0,-10000000.0,0.004515,39495.72333376291,69175.34880367847,964,3358,23064.41,73147.01,-0.02484,3361.5895
20210729,-153462.09,10000000.0,-10000000.0,-0.007673,-466155.6181112508,333403.2306124716,1121,3223,-44785.21,-102876.29,0.006752,3411.724
20210730,-74803.68,10000000.0,-10000000.0,-0.00374,-104723.05566203402,51429.95655033022,2950,1283,-10513.31,-56825.38,-0.026677,3397.3574
20210802,-115281.18,10000000.0,-10000000.0,-0.005764,-460809.97204930335,363517.2105226061,2796,1490,-74270.21,-36799.57,-0.084397,3464.2854
20210803,-12234.43,10000000.0,-10000000.0,-0.000612,-162496.65672260686,172754.01298460533,3522,808,-1239.52,-8334.24,-0.059265,3447.9914
20210804,-90591.47,10000000.0,-10000000.0,-0.00453,-554607.9813862916,481255.8018073377,2283,2002,-44483.49,-29911.96,-0.024692,3477.2186
20210805,886.03,10000000.0,-10000000.0,4.4e-05,-59742.58430441789,85055.10748796641,2691,1530,7522.23,-396.89,-0.027442,3466.5491
20210806,-27810.77,10000000.0,-10000000.0,-0.001391,10567.868737682584,-18744.070540305132,1507,2785,-20453.15,-552.65,0.023254,3458.2277
20210809,-79457.62,10000000.0,-10000000.0,-0.003973,-359274.32640151517,299568.4877264756,1871,2396,-27100.15,-50692.82,-0.060422,3494.6348
20210810,-77435.66,10000000.0,-10000000.0,-0.003872,110333.18540354706,-166349.3876942441,3173,1172,-37241.44,-37426.6,0.066003,3529.9309
20210811,-60005.41,10000000.0,-10000000.0,-0.003,-42443.22396817585,1217.02314170287,3114,1161,-22659.54,-27483.92,-0.011558,3532.6213
20210812,-42825.98,10000000.0,-10000000.0,-0.002141,-192829.80667749286,171151.73506066413,2388,1875,-16799.74,-19336.52,-0.033824,3524.7374
20210813,-24799.22,10000000.0,-10000000.0,-0.00124,157521.45419463812,-163066.01655431662,2161,2097,-16037.11,-3354.85,0.00592,3516.2989
20210816,-30175.25,10000000.0,-10000000.0,-0.001509,-126512.44404785261,116582.77561327093,1989,2273,-4697.79,-21097.24,-0.046789,3517.3447
20210817,90491.23,10000000.0,-10000000.0,0.004525,425256.89613772836,-313825.8087072795,2302,1975,42045.01,55568.5,-0.003238,3446.976
20210818,-71662.21,10000000.0,-10000000.0,-0.003583,-163154.08340541282,111921.20913345783,648,3735,-35297.92,-28988.36,-0.025335,3485.2859
20210819,-10354.78,10000000.0,-10000000.0,-0.000518,-207488.41233750404,217440.16062110793,3038,1300,-6025.94,-3891.71,-0.040904,3465.5546
20210820,8899.06,10000000.0,-10000000.0,0.000445,177143.61904341978,-147275.58273066164,1899,2413,6910.4,913.34,-0.000496,3427.3338
20210823,-148403.98,10000000.0,-10000000.0,-0.00742,-465776.43856435805,335991.64859917463,1752,2556,-64057.12,-78629.88,0.01829,3477.1321
20210824,-56794.23,10000000.0,-10000000.0,-0.00284,-158087.18158039826,123306.51324343163,3600,749,-20654.92,-29652.51,-0.014629,3514.471
20210825,-60844.97,10000000.0,-10000000.0,-0.003042,-144056.7408697497,104999.84193375273,2341,1946,-39572.54,-19481.74,-0.029251,3540.3837
20210826,6006.98,10000000.0,-10000000.0,0.0003,270926.45340140845,-245135.48945386033,2716,1620,4441.67,8106.27,-0.004686,3501.6643
20210827,-11833.4,10000000.0,-10000000.0,-0.000592,78595.9669451944,-69962.6446206573,1644,2700,-6683.44,-4236.66,0.023231,3522.1567
20210830,-29003.18,10000000.0,-10000000.0,-0.00145,127908.7358844421,-137607.09660418954,1935,2383,-16990.43,-7413.56,0.020579,3528.1512
20210831,-16770.4,10000000.0,-10000000.0,-0.000839,210465.4169725322,-207829.97038417443,1813,2511,-10233.23,-3443.11,0.015371,3543.9402
20210901,-5972.35,10000000.0,-10000000.0,-0.000299,-54372.017924855456,67938.9053097511,2133,2205,13084.58,-14478.23,-0.085285,3567.1008
20210902,-75145.99,10000000.0,-10000000.0,-0.003757,195866.25566551872,-250577.12752963847,2193,2178,-42108.74,-30932.34,0.092284,3597.0426
20210903,-30958.45,10000000.0,-10000000.0,-0.001548,221078.30508459965,-228675.8401446328,2812,1500,-24798.09,-5141.28,0.093616,3581.7344
20210906,-85775.84,10000000.0,-10000000.0,-0.004289,-415405.53608344926,351468.9578125356,2421,1918,-38491.66,-39905.76,-0.078101,3621.8593
20210907,-81994.02,10000000.0,-10000000.0,-0.0041,-194167.18337773904,132519.767733318,2986,1314,-31379.51,-44584.45,-0.054761,3676.5866
20210908,-64488.76,10000000.0,-10000000.0,-0.003224,93326.29339698027,-135771.022190134,3001,1320,-31991.33,-27468.64,-0.035923,3675.1865
20210909,-27967.5,10000000.0,-10000000.0,-0.001398,193760.79528620536,-201013.67720466433,2751,1629,-18176.35,-2726.08,0.025752,3693.1296
20210910,-1360.79,10000000.0,-10000000.0,-6.8e-05,-83649.82250125887,102319.40194355207,2103,2230,11462.66,-6579.5,-0.012869,3703.1103
20210913,-56117.4,10000000.0,-10000000.0,-0.002806,281775.6547283734,-316491.5173190738,1523,2847,-29543.97,-12660.95,0.025947,3715.3723
20210914,16903.67,10000000.0,-10000000.0,0.000845,18942.87546166828,20316.54128905552,2493,1872,986.37,27223.72,0.016009,3662.6015
20210915,-52708.84,10000000.0,-10000000.0,-0.002635,-30570.82777114112,-949.9583545217101,1173,3237,-38373.09,-12769.85,0.055931,3656.2232
20210916,48708.87,10000000.0,-10000000.0,0.002435,364507.76643933007,-295902.51410470635,2665,1702,19004.18,34109.87,-0.044091,3607.0922
20210917,-7507.92,10000000.0,-10000000.0,-0.000375,-44513.79908085466,58074.82257351721,1016,3377,484.44,-6054.62,-0.021491,3613.9663
20210922,-41628.21,10000000.0,-10000000.0,-0.002081,39335.35694702697,-62538.683989619516,1772,2619,-8013.86,-29009.63,-0.011255,3628.4897
20210923,-59071.44,10000000.0,-10000000.0,-0.002954,-6690.574918585406,-31843.302184202956,3095,1287,-14508.4,-42800.49,-0.026229,3642.2204
20210924,49322.43,10000000.0,-10000000.0,0.002466,77281.09166855236,-7113.363168243537,2636,1730,54334.43,7968.53,-0.005084,3613.0673
20210927,113869.49,10000000.0,-10000000.0,0.005693,283416.89006972744,-149738.34355620836,1022,3415,62023.75,54463.14,0.029556,3582.8307
20210928,-35992.32,10000000.0,-10000000.0,-0.0018,-22262.0778722982,2214.557779889481,787,3671,-3456.09,-30254.5,-0.057291,3602.2184
20210929,121930.96,10000000.0,-10000000.0,0.006097,507295.46931545885,-363279.49918563163,2574,1768,8083.46,117083.46,0.045547,3536.2944
20210930,-130737.33,10000000.0,-10000000.0,-0.006537,-491277.13672266516,381200.1483063054,744,3681,-73282.53,-52948.25,-0.017237,3568.1668
20211008,-98866.45,10000000.0,-10000000.0,-0.004943,41807.19509151879,-117110.65114852558,3422,964,-20827.59,-77000.37,0.003991,3592.1666
20211011,-15292.07,10000000.0,-10000000.0,-0.000765,59977.289414368475,-52148.33958844849,2892,1521,-3529.3,-10665.04,-0.031488,3591.7087
20211012,62318.71,10000000.0,-10000000.0,0.003116,386626.0781649642,-305457.51814804465,1852,2499,28600.31,32752.54,0.08585,3546.9362
20211013,-38249.34,10000000.0,-10000000.0,-0.001912,-334105.3287347704,314626.45586196275,930,3482,-21905.81,-15902.08,-0.025049,3561.7623
20211014,-55192.14,10000000.0,-10000000.0,-0.00276,-129968.77731334404,96393.82953733794,2492,1860,-10819.04,-41034.52,-0.026537,3558.2795
20211015,14714.75,10000000.0,-10000000.0,0.000736,-41157.63017303555,76033.30290267454,2601,1723,6920.68,8113.33,0.04319,3572.3662
20211018,-59219.02,10000000.0,-10000000.0,-0.002961,10748.33606270596,-49636.88583005684,1428,2968,-43441.93,-11247.01,0.094745,3568.1379
20211019,-50363.77,10000000.0,-10000000.0,-0.002518,-167871.3985062179,137924.9393255328,2762,1620,-21141.87,-23448.1,-0.015174,3593.1533
20211020,-13335.64,10000000.0,-10000000.0,-0.000667,37451.70192951126,-29431.901714758427,2450,1880,-7278.22,-4940.22,0.039245,3587.0009
20211021,4098.45,10000000.0,-10000000.0,0.000205,148434.47018892443,-123559.46465741118,1782,2591,687.71,4225.69,0.078237,3594.7831
20211022,23811.08,10000000.0,-10000000.0,0.001191,14303.694042052297,29258.627241258604,1401,2971,15075.87,6949.15,-0.04906,3582.6036
20211025,-55587.34,10000000.0,-10000000.0,-0.002779,-122239.47057737657,86097.87473577325,1389,2989,-24096.01,-30321.21,0.016293,3609.8626
20211026,-2873.53,10000000.0,-10000000.0,-0.000144,56689.60004580329,-37522.90056967023,2582,1792,-3305.26,413.49,-0.002595,3597.6377
20211027,63949.53,10000000.0,-10000000.0,0.003197,263405.18205238343,-178546.07457833312,1594,2816,28080.58,34824.64,0.080181,3562.3052
20211028,74067.19,10000000.0,-10000000.0,0.003703,182223.49331730086,-88697.719393506,969,3488,27503.3,44140.71,-0.001279,3518.4166
20211029,-99477.16,10000000.0,-10000000.0,-0.004974,-282230.7588094624,202631.81207468256,1214,3201,-24360.18,-74532.68,-0.021308,3547.3361
20211101,-86206.59,10000000.0,-10000000.0,-0.00431,-153207.89883056932,87775.38687273927,3449,995,-24478.44,-60959.94,-0.02563,3544.4795
20211102,42339.25,10000000.0,-10000000.0,0.002117,180596.74682447838,-117396.90414722619,3260,1129,33276.33,7634.43,0.014143,3505.6283
20211103,-56894.83,10000000.0,-10000000.0,-0.002845,-18217.732859755713,-18330.328995578784,1116,3362,-36357.64,-18124.57,0.038456,3498.5368
20211104,-93909.37,10000000.0,-10000000.0,-0.004695,-170761.41640042246,97706.76244539073,2905,1470,-33622.49,-59607.18,0.023361,3526.8657
20211105,629.16,10000000.0,-10000000.0,3.1e-05,201700.40535589162,-180532.6711613777,3173,1203,-2735.87,3316.41,0.04197,3491.5677
20211108,-51160.57,10000000.0,-10000000.0,-0.002558,-38059.394702665915,7217.324777829559,1855,2551,-29502.98,-19800.07,0.004907,3498.6308
20211109,-78621.21,10000000.0,-10000000.0,-0.003931,-334662.3219275384,276785.9857416798,2601,1769,-33031.56,-44193.22,-0.041582,3507.0018
20211110,-57002.57,10000000.0,-10000000.0,-0.00285,-45218.8540817472,9966.94017812585,2998,1350,-28585.59,-23278.62,-0.031249,3492.4616
20211111,-72970.48,10000000.0,-10000000.0,-0.003649,-216265.7818689288,162384.28006305263,2870,1496,-40935.37,-28144.08,0.01176,3532.7858
20211112,-74837.63,10000000.0,-10000000.0,-0.003742,-193163.77963104253,136646.55335960817,3231,1182,-44971.36,-24877.31,0.015519,3539.1002
20211115,-68617.07,10000000.0,-10000000.0,-0.003431,80655.61121649845,-128562.21112539095,2780,1593,-44680.82,-20786.0,0.003531,3533.3026
20211116,16415.46,10000000.0,-10000000.0,0.000821,5759.203563346007,32196.93950761988,2906,1509,22440.53,-2885.46,-0.037963,3521.7867
20211117,-93697.93,10000000.0,-10000000.0,-0.004685,-203889.7905101088,129361.35674184702,1335,3073,-52766.8,-39105.62,-0.048829,3537.3662
20211118,10467.94,10000000.0,-10000000.0,0.000523,7274.388922208405,26172.28436058193,3338,1052,6024.25,6760.64,-0.037853,3520.7106
20211119,-83634.15,10000000.0,-10000000.0,-0.004182,-215548.15168577415,152014.4156365765,1361,3070,-55557.47,-24142.37,0.012147,3560.3734
20211122,-71775.8,10000000.0,-10000000.0,-0.003589,-228602.00474793802,178718.5317710079,3347,1071,-29052.78,-37929.46,0.019417,3582.0797
20211123,-42638.93,10000000.0,-10000000.0,-0.002132,-46511.22531000693,24944.630281861384,2445,1937,-25546.06,-15931.99,-0.002018,3589.0894
20211124,-45804.41,10000000.0,-10000000.0,-0.00229,-106758.95423372855,82216.58479371305,2477,1897,-19377.11,-23814.47,-0.053909,3592.7025
20211125,-21117.6,10000000.0,-10000000.0,-0.001056,-41124.92674323731,39173.33138970854,2365,2021,-11048.74,-9046.66,-0.012314,3584.1788
20211126,-14366.34,10000000.0,-10000000.0,-0.000718,-78467.16676524082,84258.66059923032,1921,2458,-3444.64,-6240.08,-0.016664,3564.0894
20211129,-20833.4,10000000.0,-10000000.0,-0.001042,-230660.36425390624,230859.6739535776,1725,2713,-15715.52,-5114.61,-0.023704,3562.6968
20211130,-62048.16,10000000.0,-10000000.0,-0.003102,-43963.29097705946,1725.1058015154485,2816,1578,-22684.71,-37568.84,-0.029048,3563.8872
20211201,-76502.24,10000000.0,-10000000.0,-0.003825,104892.42225351323,-159034.46696115623,2610,1813,-40920.3,-30820.33,0.032072,3576.8853
20211202,36966.71,10000000.0,-10000000.0,0.001848,233477.66304268778,-176546.00456483036,3259,1226,19206.69,19407.23,-0.015281,3573.8358
20211203,-42959.11,10000000.0,-10000000.0,-0.002148,-84354.25637060127,62591.37184907728,1183,3246,-25321.38,-16611.23,-0.034655,3607.4322
20211206,54591.25,10000000.0,-10000000.0,0.00273,347711.6220100002,-273090.7507966468,2504,1875,1342.08,53904.52,0.028777,3589.3061
20211207,9044.0,10000000.0,-10000000.0,0.000452,238190.25596467336,-208625.48389556212,964,3520,5236.36,7650.91,-0.006406,3595.0882
20211208,-79410.56,10000000.0,-10000000.0,-0.003971,-287031.9411034917,224722.54338768162,1377,3055,-21952.32,-56516.08,-0.01947,3637.5675
20211209,-49254.31,10000000.0,-10000000.0,-0.002463,-8613.681671297934,-17129.1776330328,2966,1428,-22802.73,-25236.26,0.090755,3673.0412
20211210,-42041.7,10000000.0,-10000000.0,-0.002102,-71406.99231472086,50262.844655852634,2709,1705,-25217.33,-15478.08,0.021652,3666.3479
20211213,-42823.87,10000000.0,-10000000.0,-0.002141,-19342.433342940854,-2117.395342836553,2537,1879,-25037.76,-17204.15,0.008656,3681.082
20211214,-50179.64,10000000.0,-10000000.0,-0.002509,-87359.61565509705,57774.23170299358,2144,2279,-25020.75,-24350.37,-0.060846,3661.5253
20211215,-31993.83,10000000.0,-10000000.0,-0.0016,120654.57191600409,-133112.49922541087,2650,1771,-12931.38,-14086.69,0.009078,3647.6303
20211216,-67431.41,10000000.0,-10000000.0,-0.003372,-81832.85766107746,34180.00860631569,2194,2213,-32614.69,-30543.92,-0.017573,3675.016
20211217,18199.6,10000000.0,-10000000.0,0.00091,306528.9343379649,-267656.02769038756,2938,1509,-151.79,19536.44,0.087149,3632.3638
20211220,30405.68,10000000.0,-10000000.0,0.00152,218859.28621623613,-166868.67384516943,1400,3023,22060.52,9475.08,-0.04961,3593.6019
20211221,-99958.52,10000000.0,-10000000.0,-0.004998,-132301.93913841704,50353.1785227925,1572,2896,-37281.65,-58093.95,-0.027257,3625.1251
20211222,-47534.23,10000000.0,-10000000.0,-0.002377,-69434.16430505365,42857.66998298954,3570,934,-14714.84,-29391.24,0.021877,3622.6178
20211223,3900.17,10000000.0,-10000000.0,0.000195,24366.53529214045,143.5616720347607,2204,2266,12456.34,-7881.91,-0.014101,3643.3391
20211224,65318.4,10000000.0,-10000000.0,0.003266,358076.2254292498,-272417.256405725,1565,2940,24978.86,40160.04,0.035379,3618.0535
20211227,-42898.47,10000000.0,-10000000.0,-0.002145,-18881.033401550223,-5012.705738787416,1038,3491,-9165.47,-33803.84,-0.089271,3615.9741
20211228,-53647.19,10000000.0,-10000000.0,-0.002682,-225288.48615548929,192105.5525011114,2721,1728,-7597.74,-46016.29,-0.109062,3630.1115
20211229,-17300.28,10000000.0,-10000000.0,-0.000865,104108.46205402647,-99823.23347237159,2630,1850,-13753.77,-2763.71,0.068664,3597.0002
20211230,-72119.72,10000000.0,-10000000.0,-0.003606,-249690.58026604523,197696.04117126134,2017,2392,-36245.46,-32962.26,-0.062098,3619.1886
20211231,-53678.68,10000000.0,-10000000.0,-0.002684,-57958.034073149356,26025.005732278125,2999,1394,-22023.87,-30428.96,-0.03464,3639.7754
20220104,-78787.33,10000000.0,-10000000.0,-0.003939,-107348.76767809797,49461.9450444471,2597,1835,-48366.02,-29358.52,0.007777,3632.3289
20220105,49397.95,10000000.0,-10000000.0,0.00247,223918.84806177078,-150732.8436040221,3123,1418,27053.55,14712.61,0.008768,3595.1761
20220106,-64866.14,10000000.0,-10000000.0,-0.003243,-128081.04949364663,81747.2026514902,1119,3376,-38903.03,-25808.93,0.006731,3586.0792
20220107,59849.44,10000000.0,-10000000.0,0.002992,321258.5494895135,-239479.7039488898,3351,1123,4985.84,54989.02,0.036187,3579.5427
20220110,-68389.88,10000000.0,-10000000.0,-0.003419,-130584.28299715537,83728.57480075432,998,3538,-46530.59,-20772.98,-0.010664,3593.5187
20220111,159.79,10000000.0,-10000000.0,8e-06,228912.1636443365,-207125.83266460797,3194,1285,-5617.98,7654.08,0.025526,3567.4409
20220112,-92556.48,10000000.0,-10000000.0,-0.004628,-350744.21464011865,278596.8878252945,1707,2763,-60618.03,-30623.97,-0.045394,3597.4321
20220113,24181.44,10000000.0,-10000000.0,0.001209,311901.5823689993,-265541.0114842828,3205,1248,642.25,23347.73,0.066802,3555.2585
20220114,2242.06,10000000.0,-10000000.0,0.000112,-73155.81669846084,96572.78119916031,1193,3293,832.54,-1399.46,0.068101,3521.2559
20220117,-103955.95,10000000.0,-10000000.0,-0.005198,-350337.19099454297,266240.4020380471,1734,2825,-31876.52,-69169.71,-0.063308,3541.666
20220118,43784.14,10000000.0,-10000000.0,0.002189,-65017.75508247514,130421.59330197831,3375,1116,27122.79,19294.06,-0.097426,3569.9144
20220119,-25293.83,10000000.0,-10000000.0,-0.001265,-17494.59550468486,12924.024619968128,1312,3216,-14957.48,-9761.3,-0.014432,3558.1796
20220120,102237.85,10000000.0,-10000000.0,0.005112,470204.86554518755,-346030.40259005845,2597,1907,9535.03,92330.91,0.08387,3555.0629
20220121,40276.89,10000000.0,-10000000.0,0.002014,355849.2605216775,-294985.1784275119,765,3804,19903.39,18881.86,-0.042489,3522.5679
20220124,-4752.36,10000000.0,-10000000.0,-0.000238,-139014.33244726437,153307.89034919383,1495,2993,-7125.23,1674.48,-0.085324,3524.105
20220125,191275.28,10000000.0,-10000000.0,0.009564,508418.7509827249,-296494.9501822833,2186,2287,58332.29,127719.62,0.042878,3433.0612
20220126,-56478.43,10000000.0,-10000000.0,-0.002824,34184.20459233526,-68967.39773976621,326,4257,-28663.17,-26458.95,0.022578,3455.6679
20220127,147966.8,10000000.0,-10000000.0,0.007398,454443.24786804663,-284706.719218062,2859,1623,3674.56,143486.14,-0.026425,3394.2474
20220128,-86219.23,10000000.0,-10000000.0,-0.004311,-10719.721900070625,-53472.957792767396,290,4284,-54529.28,-29535.57,0.017286,3361.4397
20220207,-93429.16,10000000.0,-10000000.0,-0.004671,-90708.54542194636,17917.455713815347,2746,1760,-17286.21,-76404.81,-0.014822,3429.5809
20220208,-93052.53,10000000.0,-10000000.0,-0.004653,140659.09111775423,-213842.48990732862,2407,2086,-63920.4,-25797.43,0.089809,3452.6288
20220209,-94176.32,10000000.0,-10000000.0,-0.004709,-250021.94437401724,173115.30200262528,3565,1008,-35445.06,-56314.31,-0.040675,3479.9458
20220210,-3755.85,10000000.0,-10000000.0,-0.000188,366710.61616740056,-350299.36295424215,3481,1004,-6731.5,3243.3,0.152436,3485.9071
20220211,83504.1,10000000.0,-10000000.0,0.004175,295884.399439973,-190494.28718279063,1728,2736,73305.53,8222.01,-0.019301,3462.9479
20220214,-19223.67,10000000.0,-10000000.0,-0.000961,-22993.199965180556,22179.01179611148,748,3808,-4691.34,-14336.71,-0.061226,3428.8821
20220215,-49680.26,10000000.0,-10000000.0,-0.002484,-475813.92755220464,447651.93653277936,2620,1891,-10702.98,-39546.61,-0.069154,3446.0885
20220216,-86231.44,10000000.0,-10000000.0,-0.004312,-193701.09513990168,126726.94097337089,2346,2155,-45776.82,-37828.74,-0.036414,3465.8305
20220217,-10764.42,10000000.0,-10000000.0,-0.000538,125435.00986905539,-113224.89435804122,3091,1393,-10688.04,202.84,0.1444,3468.0354
20220218,-61435.08,10000000.0,-10000000.0,-0.003072,-55345.56922219919,15917.734972370192,1723,2797,-38471.43,-20247.29,0.063209,3490.7573
20220221,-94820.0,10000000.0,-10000000.0,-0.004741,-86384.83369565282,14215.892817769432,3603,970,-30082.42,-62982.75,-0.089437,3490.6123
20220222,37135.63,10000000.0,-10000000.0,0.001857,244570.28739111067,-189841.7623528784,3436,1102,41175.14,-1184.96,-0.03367,3457.146
20220223,-110091.14,10000000.0,-10000000.0,-0.005505,-623716.6774239129,534107.1179926831,1239,3290,-68798.58,-38414.46,-0.082618,3489.1465
20220224,101243.25,10000000.0,-10000000.0,0.005062,319466.59175388387,-195763.65224260988,3394,1094,15571.21,82903.73,0.046112,3429.9564
20220225,-76648.08,10000000.0,-10000000.0,-0.003832,-177850.78606806236,124096.15911983105,724,3885,-54085.87,-20353.83,0.097261,3451.4061
20220228,-23052.71,10000000.0,-10000000.0,-0.001153,3496.116641137567,-5388.065198063337,2508,1951,-10965.41,-12297.64,0.012944,3462.3064
20220301,-65147.14,10000000.0,-10000000.0,-0.003257,-118215.37505438615,73628.28593194467,1859,2655,-29132.71,-34087.39,-0.038966,3488.8347
20220302,-44331.25,10000000.0,-10000000.0,-0.002217,24833.652080085176,-47561.87060740099,2912,1591,-17121.27,-25916.97,-0.011793,3484.1916
20220303,-7028.65,10000000.0,-10000000.0,-0.000351,215594.82001011225,-203515.24300819254,3140,1368,-6612.51,631.64,0.060156,3481.1125
20220304,40630.05,10000000.0,-10000000.0,0.002032,145999.30482956095,-87100.98071541681,1636,2885,27071.55,11984.96,-0.001569,3447.649
20220307,58206.23,10000000.0,-10000000.0,0.00291,476413.9940641192,-397717.1836323361,1311,3240,2921.49,55216.2,0.125821,3372.8552
20220308,144847.89,10000000.0,-10000000.0,0.007242,325796.6082620783,-160997.915326147,887,3644,37944.76,105896.71,0.028709,3293.5301
20220309,53972.98,10000000.0,-10000000.0,0.002699,71684.15272676622,-74.77225626251311,437,4181,-2023.86,54825.71,0.050012,3256.3884
20220310,-108395.59,10000000.0,-10000000.0,-0.00542,-363821.5028765779,271033.6045262708,973,3629,-12642.09,-94804.35,-0.119304,3296.0922
20220311,-59172.92,10000000.0,-10000000.0,-0.002959,-180514.84169367937,141662.0321729689,1997,2518,-10665.65,-47491.77,-0.10175,3309.7467
20220314,118772.88,10000000.0,-10000000.0,0.005939,420538.99722005305,-280448.112015225,3804,764,48720.57,68175.81,0.016326,3223.5328
20220315,243182.1,10000000.0,-10000000.0,0.012159,618442.2561815341,-351636.57059926225,601,3995,204843.41,33237.01,0.002325,3063.9652
20220316,-180160.49,10000000.0,-10000000.0,-0.009008,-457589.4292406993,294714.9288665094,335,4302,-32693.28,-144605.85,-0.022042,3170.7103
20220317,-122105.01,10000000.0,-10000000.0,-0.006105,-335581.51664076827,234947.4161624555,3597,989,-14617.65,-107350.19,-0.126506,3215.0445
20220318,-92740.73,10000000.0,-10000000.0,-0.004637,-221338.37255381804,151185.00597717435,2770,1725,-60882.6,-28960.17,-0.089986,3251.0724
20220321,-92474.74,10000000.0,-10000000.0,-0.004624,-388206.94249579683,316438.22792188637,3652,955,-57141.77,-32972.94,-0.011592,3253.6857
20220322,-13972.95,10000000.0,-10000000.0,-0.000699,243117.154879298,-236393.17349121356,3011,1505,-6784.08,-4164.21,0.005327,3259.8619
20220323,-37420.18,10000000.0,-10000000.0,-0.001871,-124209.06833459644,108266.42882657581,2181,2360,-19274.23,-17904.67,-0.031034,3271.0325
20220324,38402.42,10000000.0,-10000000.0,0.00192,99092.11238663753,-39216.13086840007,2083,2403,19595.64,17177.12,-0.019452,3250.2644
20220325,3185.36,10000000.0,-10000000.0,0.000159,282512.61501014535,-259748.27586330005,1239,3339,6707.81,-1734.52,-0.022591,3212.2399
20220328,3173.23,10000000.0,-10000000.0,0.000159,176568.0127654376,-153869.57492988632,1633,2868,1423.61,1769.09,-0.036519,3214.5027
20220329,29255.33,10000000.0,-10000000.0,0.001463,171597.6226044501,-122980.39730916511,2342,2184,-348.43,28505.63,0.042759,3203.9393
20220330,-104699.53,10000000.0,-10000000.0,-0.005235,-414155.70119476074,329208.236742869,1118,3473,-52943.32,-50696.68,-0.046429,3266.5959
20220331,-11439.54,10000000.0,-10000000.0,-0.000572,209840.64304760334,-198279.30588559512,3498,1032,-6199.05,-5290.07,-0.006469,3252.2029
20220401,-11932.53,10000000.0,-10000000.0,-0.000597,119133.28116923143,-108655.44870900956,2269,2273,-6494.61,-5909.31,0.031542,3282.7166
20220406,-72535.5,10000000.0,-10000000.0,-0.003627,118824.41375629834,-170692.93554069923,2500,2061,-51595.23,-19003.18,0.119328,3283.4261
20220407,99629.06,10000000.0,-10000000.0,0.004981,346793.1692387686,-225895.82713093713,3290,1316,49208.03,47968.61,0.065274,3236.6951
20220408,15974.61,10000000.0,-10000000.0,0.000799,209125.68410399242,-172340.96653655692,691,3937,11494.08,2868.26,0.013339,3251.8502
20220411,137707.14,10000000.0,-10000000.0,0.006885,616350.1437882027,-460522.99756102083,1526,3068,10420.25,125478.66,-0.003591,3167.1259
20220412,-109523.31,10000000.0,-10000000.0,-0.005476,-204632.85558318853,113909.87979169445,593,4026,-33836.14,-75310.62,0.002791,3213.3295
20220413,78654.06,10000000.0,-10000000.0,0.003933,275740.56301365717,-173278.37790319003,3849,774,-391.54,78714.54,0.05398,3186.8244
20220414,-68480.78,10000000.0,-10000000.0,-0.003424,-203987.56819760898,157099.8984289566,1062,3539,-45686.19,-23042.64,-0.013484,3225.6412
20220415,70588.13,10000000.0,-10000000.0,0.003529,243774.13895597938,-153114.87903992864,2653,1855,9534.07,59204.52,-0.00907,3211.2448
20220418,-58512.78,10000000.0,-10000000.0,-0.002926,-310260.3930157225,271803.25101852097,1270,3331,-22916.44,-35523.17,-0.072206,3195.524
20220419,-43399.1,10000000.0,-10000000.0,-0.00217,-1054.1327046445222,-21381.208947650957,3267,1276,-7215.57,-35724.67,-0.105702,3194.0287
20220420,31749.32,10000000.0,-10000000.0,0.001587,215409.29121719155,-161901.7084885288,2795,1761,21869.59,8195.77,0.012056,3151.0498
20220421,179199.89,10000000.0,-10000000.0,0.00896,427912.4428773537,-228651.46623986395,1304,3286,110841.51,62908.07,-0.063382,3079.8077
20220422,30211.29,10000000.0,-10000000.0,0.001511,214591.91893341194,-166845.9650727412,423,4239,4647.43,26495.28,-0.004952,3086.9193
20220425,382539.43,10000000.0,-10000000.0,0.019127,936161.032422663,-534986.4371992892,2014,2565,20226.59,360110.53,0.039683,2928.5118
20220426,163807.73,10000000.0,-10000000.0,0.00819,433495.8085504231,-250237.48606319525,238,4393,70282.96,88764.31,-0.013396,2886.4257
20220427,-176826.59,10000000.0,-10000000.0,-0.008841,-679447.1859956994,519452.7472816142,682,3921,-14165.37,-165837.44,-0.058571,2958.282
20220428,64126.75,10000000.0,-10000000.0,0.003206,176694.83850798965,-87923.41023870297,4269,348,-773.14,61124.61,-0.011042,2975.4848
20220429,-257896.87,10000000.0,-10000000.0,-0.012895,-894678.9747377586,658752.0821467338,1634,2937,-226659.8,-29327.5,-0.021134,3047.0624
20220505,-116200.21,10000000.0,-10000000.0,-0.00581,-339394.6287646931,245842.41664742545,4314,315,-38450.14,-76199.57,-0.029563,3067.7587
20220506,35062.33,10000000.0,-10000000.0,0.001753,121020.62348645518,-66870.47250867909,3674,869,44951.04,-9419.42,0.016078,3001.5605
20220509,-105189.73,10000000.0,-10000000.0,-0.005259,8076.79651374726,-95806.08734119621,3091,1419,-78317.54,-23856.23,0.031974,3004.1409
20220510,-109747.1,10000000.0,-10000000.0,-0.005487,-496173.34021856944,404498.84114591184,3699,865,-69914.07,-38617.19,-0.084211,3035.8442
20220511,-40399.34,10000000.0,-10000000.0,-0.00202,-318476.5921278853,298908.10499678855,4292,327,-14241.81,-26733.75,-0.059589,3058.7027
20220512,-62807.25,10000000.0,-10000000.0,-0.00314,-20982.259304150793,-21683.487775535345,2075,2444,-47784.45,-15215.59,0.015875,3054.994
20220513,-55925.56,10000000.0,-10000000.0,-0.002796,48371.92082015012,-83296.23458711055,3577,982,-25774.44,-29163.35,0.016746,3084.2845
20220516,-33531.53,10000000.0,-10000000.0,-0.001677,-46561.57346428935,34570.964997820134,2268,2223,-12377.5,-20775.48,-0.045072,3073.7488
20220517,-13294.44,10000000.0,-10000000.0,-0.000665,8714.98858123814,-2572.2761873944164,1575,2955,-8515.19,-5249.89,0.034592,3093.6965
20220518,-60770.16,10000000.0,-10000000.0,-0.003039,-43073.24348806557,3401.895425722345,1988,2535,-23423.95,-35595.3,9.6e-05,3085.9768
20220519,-60710.0,10000000.0,-10000000.0,-0.003036,-121794.54065479331,81555.75254429338,2678,1856,-33673.03,-25901.32,0.076276,3096.9648
20220520,-87253.01,10000000.0,-10000000.0,-0.004363,-222785.65892964264,156573.88591692044,4138,495,-41689.89,-41795.76,-0.055533,3146.5673
20220523,-93038.31,10000000.0,-10000000.0,-0.004652,-146349.41179244648,75045.7042142735,3164,1380,-71353.37,-20803.65,-0.008636,3146.8573
20220524,199483.96,10000000.0,-10000000.0,0.009974,714856.2416401443,-494146.24847319117,3288,1262,135611.38,59551.81,0.045891,3070.9272
20220525,-125256.37,10000000.0,-10000000.0,-0.006263,-170117.34396577108,67844.05157648315,317,4362,-88661.74,-36282.01,0.020383,3107.4641
20220526,-47151.03,10000000.0,-10000000.0,-0.002358,-13946.098177992582,-9520.215719121166,4024,625,-10668.5,-37438.03,-0.053915,3123.1079
20220527,-22926.76,10000000.0,-10000000.0,-0.001146,-62065.05799576217,58569.08721516803,2505,2063,-11644.7,-11721.13,-0.056853,3130.2394
20220530,-72398.46,10000000.0,-10000000.0,-0.00362,-154919.5709194113,102097.39394352242,1583,2969,-38977.48,-32528.23,0.036877,3149.0607
20220531,-85338.16,10000000.0,-10000000.0,-0.004267,-306122.711203854,242034.21268434759,2592,1950,-25444.02,-59476.11,-0.039715,3186.4271
20220601,-56940.34,10000000.0,-10000000.0,-0.002847,-92953.28079267408,55208.913174804205,3304,1244,-31452.0,-26255.0,0.021592,3182.1566
20220602,-76989.82,10000000.0,-10000000.0,-0.003849,-128909.8396353673,72158.98127464781,2920,1624,-58621.84,-20181.21,0.052459,3195.458
20220606,-113199.24,10000000.0,-10000000.0,-0.00566,-316103.4865994645,221171.91141969073,3020,1536,-65388.25,-42631.4,-0.008461,3236.3719
20220607,8796.75,10000000.0,-10000000.0,0.00044,-144959.74051072611,173033.44629929203,3682,888,22971.48,-17358.51,-0.106418,3241.7635
20220608,-14368.61,10000000.0,-10000000.0,-0.000718,-106995.37501112015,114933.88361750414,1567,3036,-967.17,-10980.23,0.001304,3263.7934
20220609,86811.88,10000000.0,-10000000.0,0.004341,466675.97535380546,-361437.98719775217,1725,2856,18563.36,66368.32,0.068634,3238.9543
20220610,-110439.68,10000000.0,-10000000.0,-0.005522,-326029.7425020611,234628.81922740565,833,3841,-45140.81,-63931.17,-0.027849,3284.8341
20220613,-44534.44,10000000.0,-10000000.0,-0.002227,-17498.19828607176,-2610.3557112600065,4274,383,-9954.77,-35535.15,0.02046,3255.5511
20220614,-24352.44,10000000.0,-10000000.0,-0.001218,115081.95258878733,-119639.59535063939,2960,1620,-8230.79,-15210.02,-0.007746,3288.9066
20220615,-13505.13,10000000.0,-10000000.0,-0.000675,-79385.49956045761,85883.00647484927,2895,1695,1102.38,-14794.46,-0.054932,3305.4066
20220616,-65371.71,10000000.0,-10000000.0,-0.003269,-247477.1545560793,203594.43630533927,1937,2619,-20998.93,-43452.03,-0.112932,3285.3845
20220617,-49006.02,10000000.0,-10000000.0,-0.00245,-270014.77507847775,241263.65592317248,2901,1687,-10498.31,-37026.97,-0.088531,3316.7857
20220620,-82251.4,10000000.0,-10000000.0,-0.004113,-102020.75090286377,40267.351299831476,2987,1570,-55100.05,-25633.26,0.056643,3315.4302
20220621,730.19,10000000.0,-10000000.0,3.7e-05,30886.69800679155,-9325.285843969923,3023,1548,13863.48,-12941.0,-0.043467,3306.7186
20220622,43575.27,10000000.0,-10000000.0,0.002179,303367.1723320642,-239210.1702496124,1636,2930,34020.81,8754.57,0.018287,3267.2016
20220623,-125763.54,10000000.0,-10000000.0,-0.006288,-415983.8112602221,309920.0449503928,918,3728,-42508.13,-80221.3,-0.052929,3320.1487
20220624,-82225.66,10000000.0,-10000000.0,-0.004111,-289995.5692214261,230562.54673745148,3886,730,-20318.32,-61056.03,-0.037054,3349.747
20220627,-66716.84,10000000.0,-10000000.0,-0.003336,-169627.14362798966,124048.75948065639,2810,1724,-45895.63,-20229.07,0.00254,3379.1852
20220628,-97535.42,10000000.0,-10000000.0,-0.004877,-87564.62268025681,10741.205669226663,2296,2248,-55519.63,-39105.51,-0.005519,3409.2103
20220629,89890.58,10000000.0,-10000000.0,0.004495,433485.69867136923,-322131.7813837636,3553,1077,45007.44,44657.31,0.022512,3361.5177
20220630,-69734.5,10000000.0,-10000000.0,-0.003487,-287243.5684961914,239983.86101563327,824,3819,-45053.65,-23891.89,-0.00424,3398.6161
20220701,-13903.93,10000000.0,-10000000.0,-0.000695,41022.09055577751,-33926.68756876033,2610,1859,-4151.96,-8921.51,-0.057868,3387.6373
20220704,-57023.86,10000000.0,-10000000.0,-0.002851,-127750.19353321599,92321.46431706412,1817,2743,-32904.72,-22572.68,0.034796,3405.4267
20220705,21651.87,10000000.0,-10000000.0,0.001083,248087.10324525126,-206069.1585278467,2580,1988,1141.08,21467.86,0.033454,3404.0252
20220706,22411.47,10000000.0,-10000000.0,0.001121,-76976.81871970647,119844.28187006582,1188,3445,17852.22,3404.58,-0.078132,3355.3497
20220707,-56980.76,10000000.0,-10000000.0,-0.002849,-54874.681885181875,17602.27388726449,1437,3195,-21845.58,-34206.14,0.013058,3364.398
20220708,-31619.9,10000000.0,-10000000.0,-0.001581,17280.376958478555,-29224.940945072718,2591,1941,-10264.9,-19938.75,-0.034891,3356.0778
20220711,19140.93,10000000.0,-10000000.0,0.000957,244559.19236860125,-201752.63785065655,2260,2304,14097.71,4050.79,0.054094,3313.584
20220712,63950.78,10000000.0,-10000000.0,0.003198,496753.9685551926,-412637.61544941086,1513,3102,34346.12,29087.18,-0.009951,3281.4665
20220713,-85032.42,10000000.0,-10000000.0,-0.004252,-133262.93862420402,67101.69256947488,988,3630,-31274.72,-51911.98,0.012941,3284.2918
20220714,-60275.61,10000000.0,-10000000.0,-0.003014,-308212.69897674397,269160.2221602928,3325,1297,-8630.05,-52447.42,-0.088845,3281.744
20220715,67458.49,10000000.0,-10000000.0,0.003373,51184.00680067946,37573.18253976852,2688,1931,59959.64,5175.23,-0.009789,3228.0609
20220718,-153567.17,10000000.0,-10000000.0,-0.007678,-113092.49114149033,-20484.099493982343,1152,3518,-77195.65,-72982.12,-0.041919,3278.1033
20220719,-77741.45,10000000.0,-10000000.0,-0.003887,-86606.49725840738,31126.987448106003,3977,711,-21334.69,-55786.41,-0.038156,3279.4313
20220720,-69928.04,10000000.0,-10000000.0,-0.003496,-206993.42504338158,155601.53212697274,3104,1474,-46768.17,-22341.65,-0.053659,3304.7243
20220721,-4813.19,10000000.0,-10000000.0,-0.000241,4476.529573311083,11267.527954427758,2743,1768,-1736.73,-3731.51,-0.01079,3272.0012
20220722,-9914.88,10000000.0,-10000000.0,-0.000496,59119.228552550296,-47758.96857142257,1690,2871,-1438.2,-8118.5,0.004961,3269.9739
20220725,21355.58,10000000.0,-10000000.0,0.001068,147953.37885623626,-106223.26708712833,1752,2813,7674.8,13357.44,0.008517,3250.388
20220726,-79450.13,10000000.0,-10000000.0,-0.003973,-161112.37596117167,101630.90262632014,1375,3240,-34043.7,-42976.12,0.033909,3277.4356
20220727,-71634.88,10000000.0,-10000000.0,-0.003582,-209588.32251426976,159924.93283542315,3359,1237,-21949.32,-48627.62,-0.068908,3275.7553
20220728,-65632.98,10000000.0,-10000000.0,-0.003282,-102888.4400113842,57010.05098330384,2934,1626,-38430.29,-25418.79,0.004578,3282.5758
20220729,6748.14,10000000.0,-10000000.0,0.000337,284912.9199540837,-258425.38847326513,2404,2122,-1122.42,8505.57,0.10535,3253.2382
20220801,-53081.83,10000000.0,-10000000.0,-0.002654,-173895.34496477523,141406.72621619893,1313,3329,-34604.64,-18003.43,0.009157,3259.9585
20220802,185077.73,10000000.0,-10000000.0,0.009254,353294.5371285632,-146792.08748160483,2586,2003,42355.95,139746.28,0.030215,3186.2664
20220803,2625.6,10000000.0,-10000000.0,0.000131,1073.533168278209,20615.09778216584,539,4178,-905.75,2761.7,0.011022,3163.6741
20220804,-98945.3,10000000.0,-10000000.0,-0.004947,-155341.8770293034,76446.47208998771,1635,2997,-9322.64,-86168.07,-0.040041,3189.0391
20220805,-92067.62,10000000.0,-10000000.0,-0.004603,-56545.92347607545,-16299.966121425285,3168,1420,-45652.54,-40865.05,0.127187,3227.0267
20220808,-94825.34,10000000.0,-10000000.0,-0.004741,-331830.53854129615,255805.33176031188,3266,1374,-54152.49,-37728.5,-0.059135,3236.9337
20220809,-44069.83,10000000.0,-10000000.0,-0.002203,-147709.90720849548,126366.33141049344,3528,1074,-17501.22,-25211.4,-0.063704,3247.4318
20220810,-37984.03,10000000.0,-10000000.0,-0.001899,-7360.858648735048,-11131.414640563016,2257,2330,-27433.01,-9442.58,0.080832,3230.02
20220811,-89490.49,10000000.0,-10000000.0,-0.004475,-281462.9409142229,210485.80737698314,2421,2182,-34634.87,-50765.38,-0.043824,3281.6654
20220812,-41.97,10000000.0,-10000000.0,-2e-06,138499.20357512223,-116345.49502079962,3328,1322,10042.8,-6400.23,-0.05276,3276.8877
20220815,-44769.88,10000000.0,-10000000.0,-0.002238,-209586.8771771634,184172.61791187865,1972,2614,-15429.81,-28469.11,-0.139887,3276.087
20220816,-65862.75,10000000.0,-10000000.0,-0.003293,-219209.0390087159,175779.05332557418,2358,2218,-26285.2,-37154.6,-0.043588,3277.8847
20220817,-35979.01,10000000.0,-10000000.0,-0.001799,-41952.83052836774,25105.62898605174,2666,1915,-14609.52,-18833.6,0.000771,3292.526
20220818,-35992.39,10000000.0,-10000000.0,-0.0018,9577.964971569287,-24714.119430945135,2273,2314,-23169.57,-11339.07,0.073046,3277.5438
20220819,47519.03,10000000.0,-10000000.0,0.002376,373314.7398908796,-305494.85165998805,2106,2564,14652.16,34234.99,0.033637,3258.0784
20220822,-59014.93,10000000.0,-10000000.0,-0.002951,-103526.41472248125,66528.57900842812,1191,3428,-19535.87,-37934.97,-0.016922,3277.7943
20220823,-43309.01,10000000.0,-10000000.0,-0.002165,-33877.039622461074,11577.171077249186,3095,1532,-16331.07,-26302.11,-0.019037,3276.2234
20220824,142515.83,10000000.0,-10000000.0,0.007126,706530.7358570164,-542876.9903717082,2590,2046,87118.81,52035.22,0.049639,3215.2033
20220825,-244.42,10000000.0,-10000000.0,-1.2e-05,140243.41486597463,-119038.33693671302,407,4340,6554.94,-4287.77,-0.098099,3246.2481
20220826,11599.86,10000000.0,-10000000.0,0.00058,113757.56200934603,-83628.94293538659,1810,2848,-5667.96,17972.0,-0.015486,3236.2226
20220829,-61954.03,10000000.0,-10000000.0,-0.003098,-249275.23608632464,205501.97753688286,1584,3068,-20977.41,-39794.66,-0.104505,3240.7275
20220830,-6218.57,10000000.0,-10000000.0,-0.000311,184122.2243728515,-167087.77687342098,4050,667,-2925.07,-2688.59,0.020665,3227.2203
20220831,121546.05,10000000.0,-10000000.0,0.006077,527046.911210677,-383002.49511071993,2200,2469,115359.02,6050.55,-0.072824,3202.1378
20220901,3217.62,10000000.0,-10000000.0,0.000161,109352.82174824734,-88017.30211137503,746,3982,-5136.87,8388.66,0.02306,3184.9797
20220902,-94614.71,10000000.0,-10000000.0,-0.004731,-189190.78791657527,114062.61201445086,1655,2975,-13889.6,-79879.89,-0.08341,3186.4781
20220905,-36810.9,10000000.0,-10000000.0,-0.001841,-70332.39441483453,55013.54139039833,3376,1282,-19252.5,-16341.79,0.043846,3199.9118
20220906,-92688.98,10000000.0,-10000000.0,-0.004634,-271698.08977281983,199762.71493144444,2516,2165,-56761.4,-34449.94,-0.025964,3243.4466
20220907,-40290.18,10000000.0,-10000000.0,-0.002015,-125274.9178568201,103858.796749216,3379,1257,-20082.74,-21058.48,0.008069,3246.2943
20220908,32180.06,10000000.0,-10000000.0,0.001609,206637.17897633195,-155555.71702989025,2564,2089,26712.51,5352.96,0.02062,3235.5862
20220909,-20061.06,10000000.0,-10000000.0,-0.001003,-128970.76743581107,130522.36539240494,1122,3568,-624.57,-18442.43,-0.120142,3262.0542
20220913,-38123.43,10000000.0,-10000000.0,-0.001906,-72502.90432379299,55225.983912508775,2267,2359,-15543.81,-21649.24,-0.012773,3263.7972
20220914,19615.17,10000000.0,-10000000.0,0.000981,88057.46410611394,-48157.90825409837,2171,2468,6511.85,12381.62,-0.003743,3237.5419
20220915,109265.63,10000000.0,-10000000.0,0.005463,671116.2758213376,-542255.3922434251,2895,1689,47740.51,58292.67,0.077681,3199.9187
20220916,108578.34,10000000.0,-10000000.0,0.005429,260636.0317362317,-130342.78343635918,564,4201,64386.58,37061.21,0.049642,3126.3977
20220919,51036.67,10000000.0,-10000000.0,0.002552,164554.5341055956,-93470.04772288028,649,4127,-3197.41,54242.45,-0.014644,3115.6019
20220920,-100909.14,10000000.0,-10000000.0,-0.005045,-294286.55260198936,213416.0249932304,1163,3555,-21095.97,-78453.88,-0.040529,3122.4058
20220921,-38212.34,10000000.0,-10000000.0,-0.001911,91734.5861057127,-108850.98004707858,3192,1446,-9589.56,-27846.31,-0.036613,3117.1774
20220922,-1492.35,10000000.0,-10000000.0,-7.5e-05,-12372.054321632724,31190.038410397163,3164,1546,317.2,-3157.5,0.036625,3108.9096
20220923,90884.74,10000000.0,-10000000.0,0.004544,299476.67141272,-187647.27890304034,2301,2358,59438.57,29389.44,-0.008847,3088.3695
20220926,77060.87,10000000.0,-10000000.0,0.003853,-127393.04922167772,225655.54637457483,609,4124,30712.14,41962.31,0.050133,3051.226
20220927,-152144.65,10000000.0,-10000000.0,-0.007607,-479113.2441482632,346000.6161913445,1185,3592,-21821.21,-127954.64,-0.026561,3093.8618
20220928,121341.55,10000000.0,-10000000.0,0.006067,464625.3130622034,-320382.08949144953,4195,577,32028.2,88613.59,0.017625,3045.0668
20220929,5263.18,10000000.0,-10000000.0,0.000263,-9181.291055265372,37429.99684383128,449,4318,13745.22,-10284.46,-0.010604,3041.2046
20220930,48222.25,10000000.0,-10000000.0,0.002411,553571.6639509532,-485918.15013843926,951,3809,-6648.85,56557.22,0.064766,3024.3905
20221010,78084.87,10000000.0,-10000000.0,0.003904,427847.8118181244,-329649.48379938275,1308,3347,9618.71,67902.1,-0.06209,2974.1454
20221011,-47632.62,10000000.0,-10000000.0,-0.002382,-1997.4126737799597,-28688.354742352396,667,4069,-12441.0,-33581.97,0.007149,2979.7926
20221012,-174567.9,10000000.0,-10000000.0,-0.008728,-421551.7784776491,266769.2227557873,2729,1945,-28616.68,-144155.68,-0.040307,3025.5055
20221013,-79523.11,10000000.0,-10000000.0,-0.003976,-132230.75959153715,72842.65755138513,4477,322,-38210.73,-36885.86,-0.011725,3016.3561
20221014,-146057.44,10000000.0,-10000000.0,-0.007303,-611781.6565614381,484796.2732601013,3632,1044,-120666.59,-24863.96,-0.06463,3071.9868
20221017,-109552.97,10000000.0,-10000000.0,-0.005478,118066.34884753631,-207854.86005698502,4122,601,-82780.61,-24344.92,0.068228,3084.9423
20221018,-38689.64,10000000.0,-10000000.0,-0.001934,-4320.382353482761,-16536.27287054344,4135,642,-25751.57,-12331.62,0.028992,3080.9574
20221019,21490.84,10000000.0,-10000000.0,0.001075,152007.69828538128,-108657.4303323668,1809,2872,26835.09,-3815.63,0.037417,3044.3777
20221020,-5073.34,10000000.0,-10000000.0,-0.000254,110554.71841818005,-96362.7758808424,1243,3476,1666.52,-7825.16,-0.129082,3035.0504
20221021,-27011.35,10000000.0,-10000000.0,-0.001351,29296.359841379694,-35000.51937673255,2231,2391,-16850.6,-9808.97,0.031177,3038.9291
20221024,50876.38,10000000.0,-10000000.0,0.002544,206646.06646489253,-134160.47996178543,1992,2681,20843.33,25926.2,0.030818,2977.5554
20221025,-676.13,10000000.0,-10000000.0,-3.4e-05,-99982.80156885753,118265.68869344665,875,3909,-1307.13,253.33,-0.014311,2976.283
20221026,-136190.39,10000000.0,-10000000.0,-0.00681,-369527.05508300225,252952.8159914725,2153,2526,-29721.54,-104394.9,-0.032532,2999.5036
20221027,-8016.2,10000000.0,-10000000.0,-0.000401,107533.41437518552,-92245.90453234564,3959,779,9974.01,-18084.65,-0.0704,2982.9029
20221028,173541.75,10000000.0,-10000000.0,0.008677,450684.5013015459,-256040.90191326704,2061,2623,152145.22,19142.77,0.002089,2915.9257
20221031,-83310.1,10000000.0,-10000000.0,-0.004166,50180.056764503,-114009.40746244954,487,4320,-37220.24,-44371.31,0.039303,2893.4829
20221101,-163827.75,10000000.0,-10000000.0,-0.008191,-442861.45749354456,301435.65477334213,3571,1178,-19649.24,-141498.03,-0.075634,2969.1995
20221102,-96425.49,10000000.0,-10000000.0,-0.004821,-446378.483381714,371165.3681635449,4197,603,-60325.19,-34561.26,-0.082822,3003.3699
20221103,-43141.53,10000000.0,-10000000.0,-0.002157,-400498.59566543024,375280.6110885911,3672,1034,-29017.62,-14391.66,-0.037709,2997.8057
20221104,-115180.91,10000000.0,-10000000.0,-0.005759,74497.36578972316,-169302.0308077815,3394,1252,-86354.56,-26465.52,0.142201,3070.7964
20221107,-60900.15,10000000.0,-10000000.0,-0.003045,31824.21843911035,-71323.57645817763,4037,736,-30704.96,-26910.08,-0.043266,3077.817
20221108,-16327.1,10000000.0,-10000000.0,-0.000816,75915.45813207727,-73688.06282410213,3104,1610,-5277.74,-10077.04,-0.018658,3064.4928
20221109,-26522.93,10000000.0,-10000000.0,-0.001326,49545.955592085236,-54777.668083543904,1974,2696,-16821.32,-8634.36,0.004847,3048.1676
20221110,4938.27,10000000.0,-10000000.0,0.000247,333576.1836791852,-309310.45124174026,1981,2676,-6802.09,12839.04,0.024004,3036.1318
20221111,-43214.89,10000000.0,-10000000.0,-0.002161,-115920.37676666526,91709.55696384754,2251,2455,-17837.02,-23323.1,-0.089739,3087.2926
20221114,-13719.06,10000000.0,-10000000.0,-0.000686,165123.48058530473,-159708.0650710367,1050,3702,-17565.56,3620.67,0.052357,3083.4013
20221115,-130357.14,10000000.0,-10000000.0,-0.006518,-399542.9633666803,289254.5775924316,1771,2937,-31350.42,-97771.8,-0.041169,3134.0778
20221116,-14346.44,10000000.0,-10000000.0,-0.000717,131627.35523426434,-122199.04332198767,4154,621,-5552.3,-6066.34,-0.02458,3119.9804
20221117,-50828.19,10000000.0,-10000000.0,-0.002541,-15877.711705278669,-11740.227643304164,1871,2821,-30525.12,-19446.45,-0.017329,3115.4347
20221118,18630.83,10000000.0,-10000000.0,0.000932,117541.40526309866,-78470.44277977472,2919,1763,3078.29,14689.76,0.016558,3097.2432
20221121,-39882.15,10000000.0,-10000000.0,-0.001994,-135923.1194263033,117687.82218880624,1268,3509,-15390.64,-24831.49,-0.033441,3085.0444
20221122,44592.88,10000000.0,-10000000.0,0.00223,263824.6152075511,-198051.43263507233,2842,1861,15232.39,29866.57,-0.063352,3088.9426
20221123,14024.77,10000000.0,-10000000.0,0.000701,97166.90729450324,-60522.6874005783,1186,3580,8165.43,4840.74,-0.008819,3096.9073
20221124,-39538.33,10000000.0,-10000000.0,-0.001977,-79006.56735759563,58713.51542644679,1736,3013,-9433.76,-30276.19,-0.095063,3089.3096
20221125,26145.81,10000000.0,-10000000.0,0.001307,275127.6640015695,-228641.9014661843,2359,2341,4880.39,21733.14,-0.055956,3101.6932
20221128,2253.89,10000000.0,-10000000.0,0.000113,113719.44409615737,-90321.37410624436,1580,3160,182.51,1465.5,0.037931,3078.5485
20221129,-125005.46,10000000.0,-10000000.0,-0.00625,-151008.41516285203,47267.37881755592,2813,1898,-52989.17,-69246.75,0.088778,3149.7478
20221130,-16812.06,10000000.0,-10000000.0,-0.000841,48712.25998590008,-45040.41457542926,3982,824,-9006.54,-6964.93,0.047532,3151.3353
20221201,-69665.28,10000000.0,-10000000.0,-0.003483,-283811.1112086885,235966.7705976192,1908,2792,-45823.12,-23935.84,-0.066253,3165.4711
20221202,-59087.73,10000000.0,-10000000.0,-0.002954,-135357.9628583761,97752.85271618383,2218,2522,-22024.15,-36122.14,-0.040499,3156.1442
20221205,-64762.36,10000000.0,-10000000.0,-0.003238,98356.12608055177,-142200.55877504934,3091,1647,-24644.84,-38524.21,0.051941,3211.8144
20221206,703.78,10000000.0,-10000000.0,3.5e-05,101134.25777815761,-78728.92458582374,2798,1953,7498.87,-7648.12,-0.055174,3212.5334
20221207,-25986.46,10000000.0,-10000000.0,-0.001299,-28132.325947453966,22948.583715976423,1882,2852,-6759.01,-18932.61,-0.059848,3199.6194
20221208,-2771.24,10000000.0,-10000000.0,-0.000139,-21422.30889004265,39429.47805673635,2223,2497,435.49,-2388.23,-0.053642,3197.3499
20221209,-10898.12,10000000.0,-10000000.0,-0.000545,-66149.8963502959,73774.98225144447,1767,2950,-4845.4,-5935.51,0.001402,3206.9502
20221212,-7965.7,10000000.0,-10000000.0,-0.000398,-74059.64609406772,85738.21213057566,1871,2861,502.12,-10038.41,-0.092991,3179.0417
20221213,-680.11,10000000.0,-10000000.0,-3.4e-05,231586.79049472368,-211468.7636180765,2051,2740,-5042.24,4194.17,0.01734,3176.3255
20221214,-5639.97,10000000.0,-10000000.0,-0.000282,41856.610636544545,-26249.028395956324,1987,2762,-1524.73,-4233.03,-0.026713,3176.5253
20221215,-37966.03,10000000.0,-10000000.0,-0.001898,-110853.7857676716,90230.52347632362,1782,2959,266.37,-37746.11,-0.126695,3168.6478
20221216,40019.26,10000000.0,-10000000.0,0.002001,293713.8126734859,-231049.93703492178,2819,1938,13692.12,24076.88,0.02196,3167.8576
20221219,101393.29,10000000.0,-10000000.0,0.00507,393517.01636103337,-268133.74544703274,1600,3175,53853.86,43363.91,0.067564,3107.115
20221220,3297.87,10000000.0,-10000000.0,0.000165,120540.30078383295,-97096.51885561258,577,4272,11144.87,-8689.04,-0.184348,3073.7659
20221221,22684.86,10000000.0,-10000000.0,0.001134,192584.2714803015,-150355.09225926892,2297,2446,-4643.7,27026.78,-0.027879,3068.4105
20221222,58432.23,10000000.0,-10000000.0,0.002922,115943.51007743861,-35594.83926756034,1243,3497,38811.45,17804.05,-0.093617,3054.4313
20221223,-881.5,10000000.0,-10000000.0,-4.4e-05,41765.18131687953,-26494.283747491638,669,4174,-3467.22,2652.43,0.039421,3045.8664
20221226,-111745.55,10000000.0,-10000000.0,-0.005587,-481496.41625774,388820.88734744856,2577,2141,-16649.62,-95026.65,-0.137516,3065.5626
20221227,-54841.39,10000000.0,-10000000.0,-0.002742,-111600.58566813459,80763.25673831988,3544,1204,-19797.04,-32428.68,-0.061234,3095.5678
20221228,45310.68,10000000.0,-10000000.0,0.002266,101173.0853301959,-37973.73007688541,2622,2099,43884.62,-112.51,-0.05633,3087.3997
20221229,688.92,10000000.0,-10000000.0,3.4e-05,-53387.550193742965,73966.78944796472,1124,3653,5765.16,-6870.74,-0.032102,3073.7016
20221230,-57029.79,10000000.0,-10000000.0,-0.002851,34815.07735693497,-72245.9710217251,1825,2894,-19627.46,-34975.31,-0.010156,3089.2579
